24-06-23,17:31:07,2048/06/23,17:24:56, [ 6 ] ,384,22,22,22,22,22,22,22,22,22,22,22,22,22,22,22,22,22,22,22,22,22,22,22,22,22,22,22,22,22,22,22,22,22,22,22,22,22,22,22,22,22,22,22,22,22,22,22,22,22,22,22,22,22,22,22,22,22,22,22,22,22,22,22,22
24-06-23,17:31:09,2048/06/23,17:24:57, [ 7 ] ,448,22,22,22,22,22,22,22,22,22,22,22,22,22,22,22,22,22,22,22,22,22,22,22,22,22,22,22,22,22,22,22,22,22,22,22,22,22,22,22,22,22,22,22,22,22,22,22,22,22,22,22,22,22,22,22,22,22,22,22,22,22,22,22,22
24-06-23,17:31:09,2048/06/23,17:24:58, [ 8 ] ,512,22,22,22,22,22,22,22,22,22,22,22,22,22,22,22,22,22,22,22,22,22,22,22,22,22,22,22,22,22,22,22,22,22,22,22,22,22,22,22,22,22,22,22,22,22,22,22,22,22,22,22,22,22,22,22,22,22,22,22,22,22,22,22,22
24-06-23,17:31:11,2048/06/23,17:24:59, [ 9 ] ,576,22,22,22,22,22,22,22,22,22,22,22,22,22,22,22,22,22,22,22,22,22,22,22,22,22,22,22,22,22,22,22,22,22,22,22,22,22,22,22,22,22,22,21,22,22,22,22,22,22,22,22,22,22,22,22,22,22,22,22,22,22,22,22,22
24-06-23,17:31:11,2048/06/23,17:25:00, [ 10 ] ,640,22,22,22,22,22,22,22,22,22,22,22,22,22,22,-95,22,22,22,22,22,22,22,22,22,22,22,22,22,22,22,22,22,22,22,22,22,22,22,22,22,22,22,22,22,22,22,22,22,22,22,22,22,22,22,22,22,22,22,22,22,22,22,22,22
24-06-23,17:31:13,2048/06/23,17:25:01, [ 11 ] ,704,22,22,22,22,22,22,22,22,22,22,22,22,22,22,22,22,22,22,22,22,22,22,22,22,22,22,22,22,22,22,22,22,22,22,22,22,22,22,22,22,22,22,22,22,22,22,22,22,22,22,22,22,22,22,22,22,22,22,22,22,22,22,22,22
24-06-23,17:31:13,2048/06/23,17:25:02, [ 12 ] ,768,22,22,22,22,22,22,22,22,22,22,22,22,22,22,22,22,22,22,22,22,22,22,22,22,22,22,22,22,22,22,22,22,22,22,22,22,22,22,22,22,22,22,22,22,22,22,22,22,22,22,22,22,22,22,22,22,22,22,22,22,22,22,22,22
24-06-23,17:31:15,2048/06/23,17:25:03, [ 13 ] ,832,22,22,22,22,22,22,22,22,22,22,22,22,22,22,22,22,22,22,22,22,22,22,22,22,22,22,22,22,22,22,22,22,22,22,22,22,22,22,22,22,22,22,22,22,22,22,22,22,22,22,22,22,22,22,23,22,22,23,22,22,22,22,22,22
24-06-23,17:31:15,2048/06/23,17:25:04, [ 14 ] ,896,22,22,22,22,22,22,22,22,22,22,22,22,22,22,22,22,22,22,22,22,22,22,22,22,22,22,22,22,22,22,22,22,22,22,22,22,23,22,22,22,22,22,22,22,22,22,22,22,22,22,22,22,22,22,22,22,22,22,22,22,22,22,22,22
24-06-23,17:31:17,2048/06/23,17:25:05, [ 15 ] ,960,22,22,22,22,22,22,22,22,22,22,22,22,22,22,22,22,22,22,22,22,22,22,22,22,22,22,22,22,22,22,22,22,22,22,22,22,22,22,22,22,22,-95,-95,-95,-95,-95,-95,-95,-95,-95,-95,-95,-95,-95,-95,-95,-95,-95,-95,-95,-95,-95,-95,-95
24-06-23,17:31:17,2048/06/23,17:25:06, [ 0 ] ,0,-95,22,22,22,22,22,22,22,22,23,22,22,22,22,22,22,22,22,22,22,22,22,23,23,22,22,22,22,22,22,22,22,22,22,22,22,22,22,22,22,22,22,22,22,22,22,22,22,22,22,22,22,22,22,22,22,22,22,22,22,22,22,22,22
24-06-23,17:31:19,2048/06/23,17:25:07, [ 1 ] ,64,22,22,22,22,22,22,22,22,22,22,22,22,22,22,22,22,22,22,22,22,22,22,22,22,22,22,22,22,22,22,22,22,22,22,22,22,22,22,22,22,22,22,22,22,22,22,22,22,22,22,22,22,22,22,22,22,22,22,22,22,22,22,22,22
24-06-23,17:31:19,2048/06/23,17:25:08, [ 2 ] ,128,22,22,22,22,22,22,22,22,22,22,22,22,22,22,22,22,22,22,22,22,22,22,22,22,22,22,22,22,22,22,22,-95,22,22,22,22,22,22,22,22,22,22,22,22,22,22,22,22,22,22,22,22,21,22,22,22,22,22,22,22,22,22,22,22
24-06-23,17:31:21,2048/06/23,17:25:09, [ 3 ] ,192,22,22,22,22,22,22,22,22,22,22,22,22,22,22,22,22,22,22,22,22,22,22,22,22,22,22,22,22,22,22,22,22,22,22,22,22,22,22,22,22,22,22,22,22,22,22,22,22,22,22,22,22,22,22,22,22,22,22,22,22,22,22,22,22
24-06-23,17:31:21,2048/06/23,17:25:10, [ 4 ] ,256,22,22,22,22,22,22,22,22,22,22,22,22,22,22,22,22,22,22,22,22,22,22,22,22,22,22,22,22,22,22,22,22,22,22,22,22,22,22,22,22,22,22,22,22,22,22,22,22,22,22,22,22,22,22,22,22,22,22,22,22,22,22,22,22
24-06-23,17:31:23,2048/06/23,17:25:11, [ 5 ] ,320,22,22,22,22,22,22,22,22,22,22,22,22,22,22,22,22,22,22,22,22,22,22,22,22,22,22,22,22,22,22,22,22,22,22,22,22,22,22,22,22,22,22,22,22,22,22,22,22,22,22,22,22,22,22,22,22,22,22,22,22,22,22,22,22
24-06-23,17:31:24,2048/06/23,17:25:12, [ 6 ] ,384,22,22,22,22,22,22,22,22,22,22,22,22,22,22,22,22,22,22,22,22,22,22,22,22,22,22,22,22,22,22,22,22,22,22,22,22,22,22,22,22,22,22,22,22,22,22,22,22,22,22,22,22,22,22,22,22,22,22,22,22,22,22,22,22
24-06-23,17:31:25,2048/06/23,17:25:13, [ 7 ] ,448,22,22,22,22,22,22,22,22,22,22,22,22,22,22,22,22,22,22,22,22,22,22,22,22,22,22,22,22,22,22,22,22,22,22,22,22,22,22,22,22,22,22,22,22,22,22,22,22,22,22,22,22,22,22,22,22,22,22,22,22,22,22,22,22
24-06-23,17:31:26,2048/06/23,17:25:14, [ 8 ] ,512,22,22,22,22,22,22,22,22,22,22,22,22,22,22,22,22,22,22,22,22,22,22,22,22,22,22,22,22,22,22,22,22,22,22,22,22,22,22,22,22,22,22,22,22,22,22,22,22,22,22,22,22,22,22,22,22,22,22,22,22,22,22,22,22
24-06-23,17:31:27,2048/06/23,17:25:15, [ 9 ] ,576,22,22,22,22,22,22,22,22,22,22,22,22,22,22,22,22,22,22,22,22,22,22,22,22,22,22,22,22,22,22,22,22,22,22,22,22,22,22,22,22,22,22,21,22,22,22,22,22,22,22,22,22,22,22,22,22,22,22,22,22,22,22,22,22
24-06-23,17:31:28,2048/06/23,17:25:16, [ 10 ] ,640,22,22,22,22,22,22,22,22,22,22,22,22,22,22,-90,22,22,22,22,22,22,22,22,22,22,22,22,22,22,22,22,22,22,22,22,22,22,22,22,22,22,22,22,22,22,22,22,22,22,22,22,22,22,22,22,22,22,22,22,22,22,22,22,22
24-06-23,17:31:28,2048/06/23,17:25:17, [ 11 ] ,704,22,22,22,22,22,22,22,22,22,22,22,22,22,22,22,22,22,22,22,22,22,22,22,22,22,22,22,22,22,22,22,22,22,22,22,22,22,22,22,22,22,22,22,22,22,22,22,22,22,22,22,22,22,22,22,22,22,22,22,22,22,22,22,22
24-06-23,17:31:30,2048/06/23,17:25:18, [ 12 ] ,768,22,22,22,22,22,22,22,22,22,22,22,22,22,22,22,22,22,22,22,22,22,22,22,22,22,22,22,22,22,22,22,22,22,22,22,22,22,22,22,22,22,22,22,22,22,22,22,22,22,22,22,22,22,22,22,22,22,22,22,22,22,22,22,22
24-06-23,17:31:30,2048/06/23,17:25:19, [ 13 ] ,832,22,22,22,22,22,22,22,22,22,22,22,22,22,22,22,22,22,22,22,22,22,22,22,22,22,22,22,22,22,22,22,22,22,22,22,22,22,22,22,22,22,22,22,22,22,22,22,22,22,22,22,22,22,22,23,22,22,23,22,22,22,22,22,22
24-06-23,17:31:32,2048/06/23,17:25:20, [ 14 ] ,896,22,22,22,22,22,22,22,22,22,22,22,22,22,22,22,22,22,22,22,22,22,22,22,22,22,22,22,22,22,22,22,22,22,22,22,22,23,22,22,22,22,22,22,22,22,22,22,22,22,22,22,22,22,22,22,22,22,22,22,22,22,22,22,22
24-06-23,17:31:32,2048/06/23,17:25:21, [ 15 ] ,960,22,22,22,22,22,22,22,22,22,22,22,22,22,22,22,22,22,22,22,22,22,22,22,22,22,22,22,22,22,22,22,22,22,22,22,22,22,22,22,22,22,-95,-95,-95,-95,-95,-95,-95,-95,-95,-95,-95,-95,-95,-95,-95,-95,-95,-95,-95,-95,-95,-95,-95
24-06-23,17:31:34,2048/06/23,17:25:22, [ 0 ] ,0,-95,22,22,22,22,22,22,22,22,23,22,22,22,22,22,22,22,22,22,22,22,22,23,23,22,22,22,22,22,22,21,22,22,22,22,22,22,22,22,22,22,22,22,22,22,22,22,22,22,22,22,22,22,22,22,22,22,22,22,22,22,22,22,22
24-06-23,17:31:34,2048/06/23,17:25:23, [ 1 ] ,64,22,22,22,22,22,22,22,22,22,22,22,22,22,22,22,22,22,22,22,22,22,22,22,22,22,22,22,22,22,22,22,22,22,22,22,22,22,22,22,22,22,22,22,22,22,22,22,22,22,22,22,22,22,22,22,22,22,22,22,22,22,22,22,22
24-06-23,17:31:36,2048/06/23,17:25:24, [ 2 ] ,128,22,22,22,22,22,22,22,22,22,22,22,22,22,22,22,22,22,22,22,22,22,22,22,22,22,22,22,22,22,22,22,-95,22,22,22,22,22,22,22,22,22,22,22,22,22,22,22,22,22,22,22,22,21,22,22,22,22,22,22,22,22,22,22,22
24-06-23,17:31:36,2048/06/23,17:25:25, [ 3 ] ,192,22,22,22,22,22,22,22,22,22,22,22,22,22,22,22,22,22,22,22,22,22,22,22,22,22,22,22,22,22,22,22,22,22,22,22,22,22,22,22,22,22,22,22,22,22,22,22,22,22,22,22,22,22,22,22,22,22,22,22,22,22,22,22,22
24-06-23,17:31:38,2048/06/23,17:25:26, [ 4 ] ,256,22,22,22,22,22,22,22,22,22,22,22,22,22,22,22,22,22,22,22,22,22,22,22,22,22,22,22,22,22,22,22,22,22,22,22,22,22,22,22,22,22,22,22,22,22,22,22,22,22,22,22,22,22,22,22,22,22,22,22,22,22,22,22,22
24-06-23,17:31:38,2048/06/23,17:25:27, [ 5 ] ,320,22,22,22,22,22,22,22,22,22,22,22,22,22,22,22,22,22,22,22,22,22,22,22,22,22,22,22,22,22,22,22,22,22,22,22,22,22,22,22,22,22,22,22,22,22,22,22,22,22,22,22,22,22,22,22,22,22,22,22,22,22,22,22,22
24-06-23,17:31:40,2048/06/23,17:25:28, [ 6 ] ,384,22,22,22,22,22,22,22,22,22,22,22,22,22,22,22,22,22,22,22,22,22,22,22,22,22,22,22,22,22,22,22,22,22,22,22,22,22,22,22,22,22,22,22,22,22,22,22,22,22,22,22,22,22,22,22,22,22,22,22,22,22,22,22,22
24-06-23,17:31:40,2048/06/23,17:25:29, [ 7 ] ,448,22,22,22,22,22,22,22,22,22,22,22,22,22,22,22,22,22,22,22,22,22,22,22,22,22,22,22,22,22,22,22,22,22,22,22,22,22,22,22,22,22,22,22,22,22,22,22,22,22,22,22,22,22,22,22,22,22,22,22,22,22,22,22,22
24-06-23,17:31:42,2048/06/23,17:25:30, [ 8 ] ,512,22,22,22,22,22,22,22,22,22,22,22,22,22,22,22,22,22,22,22,22,22,22,22,22,22,22,22,22,22,22,22,22,22,22,22,22,22,22,22,22,22,22,22,22,22,22,22,22,22,22,22,22,22,22,22,22,22,22,22,22,22,22,22,22
24-06-23,17:31:42,2048/06/23,17:25:31, [ 9 ] ,576,22,22,22,22,22,22,22,22,22,22,22,22,22,22,22,22,22,22,22,22,22,22,22,22,22,22,22,22,22,22,22,22,22,22,22,22,22,22,22,22,22,22,21,22,22,22,22,22,22,22,22,22,22,22,22,22,22,22,22,22,22,22,22,22
24-06-23,17:31:44,2048/06/23,17:25:32, [ 10 ] ,640,22,22,22,22,22,22,22,22,22,22,22,22,22,22,-90,22,22,22,22,22,22,22,22,22,22,22,22,22,22,22,22,22,22,22,22,22,22,22,22,22,22,22,22,22,22,22,22,22,22,22,22,22,22,22,22,22,22,22,22,22,22,22,22,22
24-06-23,17:31:45,2048/06/23,17:25:33, [ 11 ] ,704,22,22,22,22,22,22,22,22,22,22,22,22,22,22,22,22,22,22,22,22,22,22,22,22,22,22,22,22,22,22,22,22,22,22,22,22,22,22,22,22,22,22,22,22,22,22,22,22,22,22,22,22,22,22,22,22,22,22,22,22,22,22,22,22
24-06-23,17:31:46,2048/06/23,17:25:34, [ 12 ] ,768,22,22,22,22,22,22,22,22,22,22,22,22,22,22,22,22,22,22,22,22,22,22,22,22,22,22,22,22,22,22,22,22,22,22,22,22,22,22,22,22,22,22,22,22,22,22,22,22,22,22,22,22,22,22,22,22,22,22,22,22,22,22,22,22
24-06-23,17:31:47,2048/06/23,17:25:35, [ 13 ] ,832,22,22,22,22,22,22,22,22,22,22,22,22,22,22,22,22,22,22,22,22,22,22,22,22,22,22,22,22,22,22,22,22,22,22,22,22,22,22,22,22,22,22,22,22,22,22,22,22,22,22,22,22,22,22,23,22,22,23,22,22,22,22,22,22
24-06-23,17:31:48,2048/06/23,17:25:36, [ 14 ] ,896,22,22,22,22,22,22,22,22,22,22,22,22,22,22,22,22,22,22,22,22,22,22,22,22,22,22,22,22,22,22,22,22,22,22,22,22,23,22,22,22,22,22,22,22,22,22,22,22,22,22,22,22,22,22,22,22,22,22,22,22,22,22,22,22
24-06-23,17:31:49,2048/06/23,17:25:37, [ 15 ] ,960,22,22,22,22,22,22,22,22,22,22,22,22,22,22,22,22,22,22,22,22,22,22,22,22,22,22,22,22,22,22,22,22,22,22,22,22,22,22,22,22,22,-95,-95,-95,-95,-95,-95,-95,-95,-95,-95,-95,-95,-95,-95,-95,-95,-95,-95,-95,-95,-95,-95,-95
24-06-23,17:31:49,2048/06/23,17:25:38, [ 0 ] ,0,-95,22,22,22,22,22,22,22,22,23,22,22,22,22,22,22,22,22,22,22,22,22,23,23,22,22,22,22,22,22,22,22,22,22,22,22,22,22,22,22,22,22,22,22,22,22,22,22,22,22,22,22,22,22,22,22,22,22,22,22,22,22,22,22
24-06-23,17:31:51,2048/06/23,17:25:39, [ 1 ] ,64,22,22,22,22,22,22,22,22,22,22,22,22,22,22,22,22,22,22,22,22,22,22,22,22,22,22,22,22,22,22,22,22,22,22,22,22,22,22,22,22,22,22,22,22,22,22,22,22,22,22,22,22,22,22,22,22,22,22,22,22,22,22,22,22
24-06-23,17:31:52,2048/06/23,17:25:40, [ 2 ] ,128,22,22,22,22,22,22,22,22,22,22,22,22,22,22,22,22,22,22,22,22,22,22,22,22,22,22,22,22,22,22,22,-95,22,22,22,22,22,22,22,22,22,22,22,22,22,22,21,22,22,22,22,22,22,22,22,22,22,22,22,22,22,22,22,22
24-06-23,17:31:53,2048/06/23,17:25:41, [ 3 ] ,192,22,22,22,22,22,22,22,22,22,22,22,22,22,22,22,22,22,22,22,22,22,22,22,22,22,22,22,22,22,22,22,22,22,22,22,22,22,22,22,22,22,22,22,22,22,22,22,22,22,22,22,22,22,22,22,22,22,22,22,22,22,22,22,22
24-06-23,17:31:53,2048/06/23,17:25:42, [ 4 ] ,256,22,22,22,22,22,22,22,22,22,22,22,22,22,22,22,22,22,22,22,22,22,22,22,22,22,22,22,22,22,22,22,22,22,22,22,22,22,22,22,22,22,22,22,22,22,22,22,22,22,22,22,22,22,22,22,22,22,22,22,22,22,22,22,22
24-06-23,17:31:55,2048/06/23,17:25:43, [ 5 ] ,320,22,22,22,22,22,22,22,22,22,22,22,22,22,22,22,22,22,22,22,22,22,22,22,22,22,22,22,22,22,22,22,22,22,22,22,22,22,22,22,22,22,22,22,22,22,22,22,22,22,22,22,22,22,22,22,22,22,22,22,22,22,22,22,22
24-06-23,17:31:55,2048/06/23,17:25:44, [ 6 ] ,384,22,22,22,22,22,22,22,22,22,22,22,22,22,22,22,22,22,22,22,22,22,22,22,22,22,22,22,22,22,22,22,22,22,22,22,22,22,22,22,22,22,22,22,22,22,22,22,22,22,22,22,22,22,22,22,22,22,22,22,22,22,22,22,22
24-06-23,17:31:57,2048/06/23,17:25:45, [ 7 ] ,448,22,22,22,22,22,22,22,22,22,22,22,22,22,22,22,22,22,22,22,22,22,22,22,22,22,22,22,22,22,22,22,22,22,22,22,22,22,22,22,22,22,22,22,22,22,22,22,22,22,22,22,22,22,22,22,22,22,22,22,22,22,22,22,22
24-06-23,17:31:57,2048/06/23,17:25:46, [ 8 ] ,512,22,22,22,22,22,22,22,22,22,22,22,22,22,22,22,22,22,22,22,22,22,22,22,22,22,22,22,22,22,22,22,22,22,22,22,22,22,22,22,22,22,22,22,22,22,22,22,22,22,22,22,22,22,22,22,22,22,22,22,22,22,22,22,22
24-06-23,17:31:59,2048/06/23,17:25:47, [ 9 ] ,576,22,22,22,22,22,22,22,22,22,22,22,22,22,22,22,22,22,22,22,22,22,22,22,22,22,22,22,22,22,22,22,22,22,22,22,22,22,22,22,22,22,22,21,22,22,22,22,22,22,22,22,22,22,22,22,22,22,22,22,22,22,22,22,22
24-06-23,17:31:59,2048/06/23,17:25:48, [ 10 ] ,640,22,22,22,22,22,22,22,22,22,22,22,22,22,22,-95,22,22,22,22,22,22,22,22,22,22,22,22,22,22,22,22,22,22,22,22,22,22,22,22,22,22,22,22,22,22,22,22,22,22,22,22,22,22,22,22,22,22,22,22,22,22,22,22,22
24-06-23,17:32:01,2048/06/23,17:25:49, [ 11 ] ,704,22,22,22,22,22,22,22,22,22,22,22,22,22,22,22,22,22,22,22,22,22,22,22,22,22,22,22,22,22,22,22,22,22,22,22,22,22,22,22,22,22,22,22,22,22,22,22,22,22,22,22,22,22,22,22,22,22,22,22,22,22,22,22,22
24-06-23,17:32:01,2048/06/23,17:25:50, [ 12 ] ,768,22,22,22,22,22,22,22,22,22,22,22,22,22,22,22,22,22,22,22,22,22,22,22,22,22,22,22,22,22,22,22,22,22,22,22,22,22,22,22,22,22,22,22,22,22,22,22,22,22,22,22,22,22,22,22,22,22,22,22,22,22,22,22,22
24-06-23,17:32:03,2048/06/23,17:25:51, [ 13 ] ,832,22,22,22,22,22,22,22,22,22,22,22,22,22,22,22,22,22,22,22,22,22,22,22,22,22,22,22,22,22,22,22,22,22,22,22,22,22,22,22,22,22,22,22,22,22,22,22,22,22,22,22,22,22,22,23,22,22,23,22,22,22,22,22,22
24-06-23,17:32:03,2048/06/23,17:25:52, [ 14 ] ,896,22,22,22,22,22,22,22,22,22,22,22,22,22,22,22,22,22,22,22,22,22,22,22,22,22,22,22,22,22,22,22,22,22,22,22,22,23,22,22,22,22,22,22,22,22,22,22,22,22,22,22,22,22,22,22,22,22,22,22,22,22,22,22,22
24-06-23,17:32:05,2048/06/23,17:25:53, [ 15 ] ,960,22,22,22,22,22,22,22,22,22,22,22,22,22,22,22,22,22,22,22,22,22,22,22,22,22,22,22,22,22,22,22,22,22,22,22,22,22,22,22,22,22,-95,-95,-95,-95,-95,-95,-95,-95,-95,-95,-95,-95,-95,-95,-95,-95,-95,-95,-95,-95,-95,-95,-95
24-06-23,17:32:05,2048/06/23,17:25:54, [ 0 ] ,0,-95,22,22,22,22,22,22,22,22,23,22,22,22,22,22,22,22,22,22,22,22,22,23,23,22,22,22,22,22,22,22,22,22,22,22,22,22,22,22,22,22,22,22,22,22,22,22,22,22,22,22,22,22,22,22,22,22,22,22,22,22,22,22,22
24-06-23,17:32:07,2048/06/23,17:25:55, [ 1 ] ,64,22,22,22,22,22,22,22,22,22,22,22,22,22,22,22,22,22,22,22,22,22,22,22,22,22,22,21,22,22,22,22,22,22,22,22,22,22,22,22,22,22,22,22,22,22,22,22,22,22,22,22,22,22,22,22,22,22,22,22,22,22,22,22,22
24-06-23,17:32:07,2048/06/23,17:25:56, [ 2 ] ,128,22,22,22,22,22,22,22,22,22,22,22,22,22,22,22,22,22,22,22,22,22,22,22,22,22,22,22,22,22,22,22,-95,22,22,22,22,22,22,22,22,22,22,22,22,22,22,22,22,22,22,22,22,22,22,22,22,22,22,22,22,22,22,22,22
24-06-23,17:32:09,2048/06/23,17:25:57, [ 3 ] ,192,22,22,22,22,22,22,22,22,22,22,22,22,21,22,22,22,22,22,22,22,22,22,22,22,22,22,22,22,22,22,22,22,22,22,22,22,22,22,22,22,22,22,22,22,22,22,22,22,22,22,22,22,22,22,22,22,22,22,22,22,22,22,22,22
24-06-23,17:32:09,2048/06/23,17:25:58, [ 4 ] ,256,22,22,22,22,22,22,22,22,22,22,22,22,22,22,22,22,22,22,22,22,22,22,22,22,22,22,22,22,22,22,22,22,22,22,22,22,22,22,22,22,22,22,22,22,22,22,22,22,22,22,22,22,22,22,22,22,22,22,22,22,22,22,22,22
24-06-23,17:32:11,2048/06/23,17:25:59, [ 5 ] ,320,22,22,22,22,22,22,22,22,22,22,22,22,22,22,22,22,22,22,22,22,22,22,22,22,22,22,22,22,22,22,22,22,22,22,22,22,22,22,22,22,22,22,22,22,22,22,22,22,22,22,22,22,22,22,22,22,22,22,22,22,22,22,22,22
24-06-23,17:32:11,2048/06/23,17:26:00, [ 6 ] ,384,22,22,22,22,22,22,22,22,22,22,22,22,22,22,22,22,22,22,22,22,22,22,22,22,22,22,22,22,22,22,22,22,22,22,22,22,22,22,22,22,22,22,22,22,22,22,22,22,22,22,22,22,22,22,22,22,22,22,22,22,22,22,22,22
24-06-23,17:32:13,2048/06/23,17:26:01, [ 7 ] ,448,22,22,22,22,22,22,22,22,22,22,22,22,22,22,22,22,22,22,22,22,22,22,22,22,22,22,22,22,22,22,22,22,22,22,22,22,22,22,22,22,22,22,22,22,22,22,22,22,22,22,22,22,22,22,22,22,22,22,22,22,22,22,22,22
24-06-23,17:32:13,2048/06/23,17:26:03, [ 8 ] ,512,22,22,22,22,22,22,22,22,22,22,22,22,22,22,22,22,22,22,22,22,22,22,22,22,22,22,22,22,22,22,22,22,22,22,22,22,22,22,22,22,22,22,22,22,22,22,22,22,22,22,22,22,22,22,22,22,22,22,22,22,22,22,22,22
24-06-23,17:32:15,2048/06/23,17:26:04, [ 9 ] ,576,22,22,22,22,22,22,22,22,22,22,22,22,22,22,22,22,22,22,22,22,22,22,22,22,22,22,22,22,22,22,22,22,22,22,22,22,22,22,22,22,22,22,21,22,22,22,22,22,22,22,22,22,22,22,22,22,22,22,22,22,22,22,22,22
24-06-23,17:32:15,2048/06/23,17:26:05, [ 10 ] ,640,22,22,22,22,22,22,22,22,22,22,22,22,22,22,-95,22,22,22,22,22,22,22,22,22,22,22,22,22,22,22,22,22,22,22,22,22,22,22,22,22,22,22,22,22,22,22,22,22,22,22,22,22,22,22,22,22,22,22,22,22,22,22,22,22
24-06-23,17:32:17,2048/06/23,17:26:06, [ 11 ] ,704,22,22,22,22,22,22,22,22,22,22,22,22,22,22,22,22,22,22,22,22,22,22,22,22,22,22,22,22,22,22,22,22,22,22,22,22,22,22,22,22,22,22,22,22,22,22,22,22,22,22,22,22,22,22,22,22,22,22,22,22,22,22,22,22
24-06-23,17:32:17,2048/06/23,17:26:07, [ 12 ] ,768,22,22,22,22,22,22,22,22,22,22,22,22,22,22,22,22,22,22,22,22,22,22,22,22,22,22,22,22,22,22,22,22,22,22,22,22,22,22,22,22,22,22,22,22,22,22,22,22,22,22,22,22,22,22,22,22,22,22,22,22,22,22,22,22
24-06-23,17:32:19,2048/06/23,17:26:08, [ 13 ] ,832,22,22,22,22,22,22,22,22,22,22,22,22,22,22,22,22,22,22,22,22,22,22,22,22,22,22,22,22,22,22,22,22,22,22,22,22,22,22,22,22,22,22,22,22,22,22,22,22,22,22,22,22,22,22,23,22,22,23,22,22,22,22,22,22
24-06-23,17:32:19,2048/06/23,17:26:09, [ 14 ] ,896,22,22,22,22,22,22,22,22,22,22,22,22,22,22,22,22,22,22,22,22,22,22,22,22,22,22,22,22,22,22,22,22,22,22,22,22,23,22,22,22,22,22,22,22,22,22,22,22,22,22,22,22,22,22,22,22,22,22,22,22,22,22,22,22
24-06-23,17:32:21,2048/06/23,17:26:10, [ 15 ] ,960,22,22,22,22,22,22,22,22,22,22,22,22,22,22,22,22,22,22,22,22,22,22,22,22,22,22,22,22,22,22,22,22,22,22,22,22,22,22,22,22,22,-95,-95,-95,-95,-95,-95,-95,-95,-95,-95,-95,-95,-95,-95,-95,-95,-95,-95,-95,-95,-95,-95,-95
24-06-23,17:32:21,2048/06/23,17:26:11, [ 0 ] ,0,-95,22,22,22,22,22,22,22,22,23,22,22,22,22,22,22,22,22,22,22,22,22,23,23,22,22,22,22,22,22,22,22,22,22,22,22,22,22,22,22,22,22,22,22,22,22,22,22,22,22,22,22,22,22,22,22,22,22,22,22,22,22,22,22
24-06-23,17:32:23,2048/06/23,17:26:12, [ 1 ] ,64,22,22,22,22,22,22,22,21,22,22,22,22,22,22,22,22,22,22,22,22,22,22,22,22,22,22,22,22,22,22,22,22,22,22,22,22,22,22,22,22,22,22,22,22,22,22,22,22,22,22,22,22,22,22,22,22,22,22,22,22,22,22,22,22
24-06-23,17:32:23,2048/06/23,17:26:13, [ 2 ] ,128,22,22,22,22,22,22,22,22,22,22,22,22,22,22,22,22,22,22,22,22,22,22,22,22,22,22,22,22,22,22,22,-95,22,22,22,22,22,22,22,22,22,22,22,22,22,22,22,22,22,22,22,22,21,22,22,22,22,22,22,22,22,22,22,22
24-06-23,17:32:25,2048/06/23,17:26:14, [ 3 ] ,192,22,22,22,22,22,22,22,22,22,22,22,22,22,22,22,22,22,22,22,22,22,22,22,22,22,22,22,22,22,22,22,22,22,22,22,22,22,22,22,22,22,22,22,22,22,22,22,22,22,22,22,22,22,22,22,22,22,22,22,22,22,22,22,22
24-06-23,17:32:25,2048/06/23,17:26:15, [ 4 ] ,256,22,22,22,22,22,22,22,22,22,22,22,22,22,22,22,22,22,22,22,22,22,22,22,22,22,22,22,22,22,22,22,22,22,22,22,22,22,22,22,22,22,22,22,22,22,22,22,22,22,22,22,22,22,22,22,22,22,22,22,22,22,22,22,22
24-06-23,17:32:27,2048/06/23,17:26:16, [ 5 ] ,320,22,22,22,22,22,22,22,22,22,22,22,22,22,22,22,22,22,22,22,22,22,22,22,22,22,22,22,22,22,22,22,22,22,22,22,22,22,22,22,22,22,22,22,22,22,22,22,22,22,22,22,22,22,22,22,22,22,22,22,22,22,22,22,22
24-06-23,17:32:27,2048/06/23,17:26:17, [ 6 ] ,384,22,22,22,22,22,22,22,22,22,22,22,22,22,22,22,22,22,22,22,22,22,22,22,22,22,22,22,22,22,22,22,22,22,22,22,22,22,22,22,22,22,22,22,22,22,22,22,22,22,22,22,22,22,22,22,22,22,22,22,22,22,22,22,22
24-06-23,17:32:29,2048/06/23,17:26:18, [ 7 ] ,448,22,22,22,22,22,22,22,22,22,22,22,22,22,22,22,22,22,22,22,22,22,22,22,22,22,22,22,22,22,22,22,22,22,22,22,22,22,22,22,22,22,22,22,22,22,22,22,22,22,22,22,22,22,22,22,22,22,22,22,22,22,22,22,22
24-06-23,17:32:29,2048/06/23,17:26:19, [ 8 ] ,512,22,22,22,22,22,22,22,22,22,22,22,22,22,22,22,22,22,22,22,22,22,22,22,22,22,22,22,22,22,22,22,22,22,22,22,22,22,22,22,22,22,22,22,22,22,22,22,22,22,22,22,22,22,22,22,22,22,22,22,22,22,22,22,22
24-06-23,17:32:31,2048/06/23,17:26:20, [ 9 ] ,576,22,22,22,22,22,22,22,22,22,22,22,22,22,22,22,22,22,22,22,22,22,22,22,22,22,22,22,22,22,22,22,22,22,22,22,22,22,22,22,22,22,22,21,22,22,22,22,22,22,22,22,22,22,22,22,22,22,22,22,22,22,22,22,22
24-06-23,17:32:32,2048/06/23,17:26:21, [ 10 ] ,640,22,22,22,22,22,22,22,22,22,22,22,22,22,22,-95,22,22,22,22,22,22,22,22,22,22,22,22,22,22,22,22,22,22,22,22,22,22,22,22,22,22,22,22,22,22,22,22,22,22,22,22,22,22,22,22,22,22,22,22,22,22,22,22,22
24-06-23,17:32:33,2048/06/23,17:26:22, [ 11 ] ,704,22,22,22,22,22,22,22,22,22,22,22,22,22,22,22,22,22,22,22,22,22,22,22,22,22,22,22,22,22,22,22,22,22,22,22,22,22,22,22,22,22,22,22,22,22,22,22,22,22,22,22,22,22,22,22,22,22,22,22,22,22,22,22,22
24-06-23,17:32:34,2048/06/23,17:26:23, [ 12 ] ,768,22,22,22,22,22,22,22,22,22,22,22,22,22,22,22,22,22,22,22,22,22,22,22,22,22,22,22,22,22,22,22,22,22,22,22,22,22,22,22,22,22,22,22,22,22,22,22,22,22,22,22,22,22,22,22,22,22,22,22,22,22,22,22,22
24-06-23,17:32:34,2048/06/23,17:26:24, [ 13 ] ,832,22,22,22,22,22,22,22,22,22,22,22,22,22,22,22,22,22,22,22,22,22,22,22,22,22,22,22,22,22,22,22,22,22,22,22,22,22,22,22,22,22,22,22,22,22,22,22,22,22,22,22,22,22,22,23,22,22,23,22,22,22,22,22,22
24-06-23,17:32:36,2048/06/23,17:26:25, [ 14 ] ,896,22,22,22,22,22,22,22,22,22,22,22,22,22,22,22,22,22,22,22,22,22,22,22,22,22,22,22,22,22,22,22,22,22,22,22,22,23,22,22,22,22,22,22,22,22,22,22,22,22,22,22,22,22,22,22,22,22,22,22,22,22,22,22,22
24-06-23,17:32:37,2048/06/23,17:26:26, [ 15 ] ,960,22,22,22,22,22,22,22,22,22,22,22,22,22,22,22,22,22,22,22,22,22,22,22,22,22,22,22,22,22,22,22,22,22,22,22,22,22,22,22,22,22,-95,-95,-95,-95,-95,-95,-95,-95,-95,-95,-95,-95,-95,-95,-95,-95,-95,-95,-95,-95,-95,-95,-95
24-06-23,17:32:38,2048/06/23,17:26:27, [ 0 ] ,0,-95,22,22,22,22,22,22,22,22,23,22,22,22,22,22,22,22,22,22,22,22,22,23,23,22,22,22,22,22,22,22,22,22,22,22,22,22,22,22,22,22,22,22,22,22,22,22,22,22,22,22,22,22,22,22,22,22,22,22,22,22,22,22,22
24-06-23,17:32:39,2048/06/23,17:26:28, [ 1 ] ,64,22,22,22,22,22,22,22,22,22,22,22,22,22,22,22,22,22,22,22,22,22,22,22,22,22,22,22,22,22,22,22,22,22,22,22,22,22,22,22,22,22,22,22,22,21,22,22,22,22,22,22,22,22,22,22,22,22,22,22,22,22,22,22,22
24-06-23,17:32:40,2048/06/23,17:26:29, [ 2 ] ,128,22,22,22,22,22,22,22,22,22,22,22,22,22,22,22,22,22,22,22,22,22,22,22,22,22,22,22,22,22,22,22,-95,22,22,22,22,22,22,22,22,22,22,22,22,22,22,22,22,22,22,22,22,21,22,22,22,22,22,22,22,22,22,22,22
24-06-23,17:32:41,2048/06/23,17:26:30, [ 3 ] ,192,22,22,22,21,22,22,22,22,22,22,22,22,22,22,22,22,22,22,22,22,22,22,22,22,22,22,22,22,22,22,22,22,22,22,22,22,22,22,22,22,22,22,22,22,22,22,22,22,22,22,22,22,22,22,22,22,22,22,22,22,22,22,22,22
24-06-23,17:32:42,2048/06/23,17:26:31, [ 4 ] ,256,22,22,22,22,22,22,22,22,22,22,22,22,22,22,22,22,22,22,22,22,22,22,22,22,22,22,22,22,22,22,22,22,22,22,22,22,22,22,22,22,22,22,22,22,22,22,22,22,22,22,22,22,22,22,22,22,22,22,22,22,22,22,22,22
24-06-23,17:32:43,2048/06/23,17:26:32, [ 5 ] ,320,22,22,22,22,22,22,22,22,22,22,22,22,22,22,22,22,22,22,22,22,22,22,22,22,22,22,22,22,22,22,22,22,22,22,22,22,22,22,22,22,22,22,22,22,22,22,22,22,22,22,22,22,22,22,22,22,22,22,22,22,22,22,22,22
24-06-23,17:32:44,2048/06/23,17:26:33, [ 6 ] ,384,22,22,22,22,22,22,22,22,22,22,22,22,22,22,22,22,22,22,22,22,22,22,22,22,22,22,22,22,22,22,22,22,22,22,22,22,22,22,22,22,22,22,22,22,22,22,22,22,22,22,22,22,22,22,22,22,22,22,22,22,22,22,22,22
24-06-23,17:32:44,2048/06/23,17:26:34, [ 7 ] ,448,22,22,22,22,22,22,22,22,22,22,22,22,22,22,22,22,22,22,22,22,22,22,22,22,22,22,22,22,22,22,22,22,22,22,22,22,22,22,22,22,22,22,22,22,22,22,22,22,22,22,22,22,22,22,22,22,22,22,22,22,22,22,22,22
24-06-23,17:32:46,2048/06/23,17:26:35, [ 8 ] ,512,22,22,22,22,22,22,22,22,22,22,22,22,22,22,22,22,22,22,22,22,22,22,22,22,22,22,22,22,22,22,22,22,22,22,22,22,22,22,22,22,22,22,22,22,22,22,22,22,22,22,22,22,22,22,22,22,22,22,22,22,22,22,22,22
24-06-23,17:32:46,2048/06/23,17:26:36, [ 9 ] ,576,22,22,22,22,22,22,22,22,22,22,22,22,22,22,22,22,22,22,22,22,22,22,22,22,22,22,22,22,22,22,22,22,22,22,22,22,22,22,22,22,22,22,21,22,22,22,22,22,22,22,22,22,22,22,22,22,22,22,22,22,22,22,22,22
24-06-23,17:32:48,2048/06/23,17:26:37, [ 10 ] ,640,22,22,22,22,22,22,22,22,22,22,22,22,22,22,-90,22,22,22,22,22,22,22,22,22,22,22,22,22,22,22,22,22,22,22,22,22,22,22,22,22,22,22,22,22,22,22,22,22,22,22,22,22,22,22,22,22,22,22,22,22,22,22,22,22
24-06-23,17:32:48,2048/06/23,17:26:38, [ 11 ] ,704,22,22,22,22,22,22,22,22,22,22,22,22,22,22,22,22,22,22,22,22,22,22,22,22,22,22,22,22,22,22,22,22,22,22,22,22,22,22,22,22,22,22,22,22,22,22,22,22,22,22,22,22,22,22,22,22,22,22,22,22,22,22,22,22
24-06-23,17:32:50,2048/06/23,17:26:39, [ 12 ] ,768,22,22,22,22,22,22,22,22,22,22,22,22,22,22,22,22,22,22,22,22,22,22,22,22,22,22,22,22,22,22,22,22,22,22,22,22,22,22,22,22,22,22,22,22,22,22,22,22,22,22,22,22,22,22,22,22,22,22,22,22,22,22,22,22
24-06-23,17:32:50,2048/06/23,17:26:40, [ 13 ] ,832,22,22,22,22,22,22,22,22,22,22,22,22,22,22,22,22,22,22,22,22,22,22,22,22,22,22,22,22,22,22,22,22,22,22,22,22,22,22,22,22,22,22,22,22,22,22,22,22,22,22,22,22,22,22,22,22,22,23,22,22,22,22,22,22
24-06-23,17:32:52,2048/06/23,17:26:41, [ 14 ] ,896,22,22,22,22,22,22,22,22,22,22,22,22,22,22,22,22,22,22,22,22,22,22,22,22,22,22,22,22,22,22,22,22,22,22,22,22,23,22,22,22,22,22,22,22,22,22,22,22,22,22,22,22,22,22,22,22,22,22,22,22,22,22,22,22
24-06-23,17:32:52,2048/06/23,17:26:42, [ 15 ] ,960,22,22,22,22,22,22,22,22,22,22,22,22,22,22,22,22,22,22,22,22,22,22,22,22,22,22,22,22,22,22,22,22,22,22,22,22,22,22,22,22,22,-95,-95,-95,-95,-95,-95,-95,-95,-95,-95,-95,-95,-95,-95,-95,-95,-95,-95,-95,-95,-95,-95,-95
24-06-23,17:32:54,2048/06/23,17:26:42, [ 0 ] ,0,-95,22,22,22,22,22,22,22,22,23,22,22,22,22,22,22,22,22,22,22,22,22,23,23,22,22,22,22,22,22,22,22,22,22,22,22,22,22,22,22,22,22,22,22,22,22,22,22,22,22,22,22,22,22,22,22,22,22,22,22,22,22,22,22
24-06-23,17:32:54,2048/06/23,17:26:43, [ 1 ] ,64,22,22,22,22,22,22,22,22,22,22,22,22,22,22,22,22,22,22,22,22,22,22,22,22,22,22,22,22,22,22,22,22,22,22,22,22,22,22,22,22,22,22,22,22,22,22,22,22,22,22,22,22,22,22,22,22,22,22,22,22,22,22,22,22
24-06-23,17:32:56,2048/06/23,17:26:44, [ 2 ] ,128,22,22,22,22,22,22,22,22,22,22,22,22,22,22,22,22,22,22,22,22,22,22,22,22,22,22,22,22,22,22,22,-95,22,22,22,22,22,22,22,22,22,22,22,22,22,22,22,22,22,22,22,22,22,22,22,22,22,22,22,22,22,22,22,22
24-06-23,17:32:56,2048/06/23,17:26:45, [ 3 ] ,192,22,22,22,22,22,22,22,22,22,22,22,22,22,22,22,22,22,22,22,22,22,22,22,22,22,22,22,22,22,22,22,22,22,22,22,22,22,22,22,22,22,22,22,22,22,22,22,22,22,22,22,22,22,22,22,22,22,22,22,22,22,22,22,22
24-06-23,17:32:58,2048/06/23,17:26:46, [ 4 ] ,256,22,22,22,22,22,22,22,22,22,22,22,22,22,22,22,22,22,22,22,22,22,22,22,22,22,22,22,22,22,22,22,22,22,22,22,22,22,22,22,22,22,22,22,22,22,22,22,22,22,22,22,22,22,22,22,22,22,22,22,22,22,22,22,22
24-06-23,17:32:58,2048/06/23,17:26:47, [ 5 ] ,320,22,22,22,22,22,22,22,22,22,22,22,22,22,22,22,22,22,22,22,22,22,22,22,22,22,22,22,22,22,22,22,22,22,22,22,22,22,22,22,22,22,22,22,22,22,22,22,22,22,22,22,22,22,22,22,22,22,22,22,22,22,22,22,22
24-06-23,17:33:00,2048/06/23,17:26:48, [ 6 ] ,384,22,22,22,22,22,22,22,22,22,22,22,22,22,22,22,22,22,22,22,22,22,22,22,22,22,22,22,22,22,22,22,22,22,22,22,22,22,22,22,22,22,22,22,22,22,22,22,22,22,22,22,22,22,22,22,22,22,22,22,22,22,22,22,22
24-06-23,17:33:00,2048/06/23,17:26:49, [ 7 ] ,448,22,22,22,22,22,22,22,22,22,22,22,22,22,22,22,22,22,22,22,22,22,22,22,22,22,22,22,22,22,22,22,22,22,22,22,22,22,22,22,22,22,22,22,22,22,22,22,22,22,22,22,22,22,22,22,22,22,22,22,22,22,22,22,22
24-06-23,17:33:02,2048/06/23,17:26:50, [ 8 ] ,512,22,22,22,22,22,22,22,22,22,22,22,22,22,22,22,22,22,22,22,22,22,22,22,22,22,22,22,22,22,22,22,22,22,22,22,22,22,22,22,22,22,22,22,22,22,22,22,22,22,22,22,22,22,22,22,22,22,22,22,22,22,22,22,22
24-06-23,17:33:02,2048/06/23,17:26:51, [ 9 ] ,576,22,22,22,22,22,22,22,22,22,22,22,22,22,22,22,22,22,22,22,22,22,22,22,22,22,22,22,22,22,22,22,22,22,22,22,22,22,22,22,22,22,22,21,22,22,22,22,22,22,22,22,22,22,22,22,22,22,22,22,22,22,22,22,22
24-06-23,17:33:04,2048/06/23,17:26:52, [ 10 ] ,640,22,22,22,22,22,22,22,22,22,22,22,22,22,22,-90,22,22,22,22,22,22,22,22,22,22,22,22,22,22,22,22,22,22,22,22,22,22,22,22,22,22,22,22,22,22,22,22,22,22,22,22,22,22,22,22,22,22,22,22,22,22,22,22,22
24-06-23,17:33:04,2048/06/23,17:26:53, [ 11 ] ,704,22,22,22,22,22,22,22,22,22,22,22,22,22,22,22,22,22,22,22,22,22,22,22,22,22,22,22,22,22,22,22,22,22,22,22,22,22,22,22,22,22,22,22,22,22,22,22,22,22,22,22,22,22,22,22,22,22,22,22,22,22,22,22,22
24-06-23,17:33:06,2048/06/23,17:26:54, [ 12 ] ,768,22,22,22,22,22,22,22,22,22,22,22,22,22,22,22,22,22,22,22,22,22,22,22,22,22,22,22,22,22,22,22,22,22,22,22,22,22,22,22,22,22,22,22,22,22,22,22,22,22,22,22,22,22,22,22,22,22,22,22,22,22,22,22,22
24-06-23,17:33:06,2048/06/23,17:26:55, [ 13 ] ,832,22,22,22,22,22,22,22,22,22,22,22,22,22,22,22,22,22,22,22,22,22,22,22,22,22,22,22,22,22,22,22,22,22,22,22,22,22,22,22,22,22,22,22,22,22,22,22,22,22,22,22,22,22,22,22,22,22,23,22,22,22,22,22,22
24-06-23,17:33:08,2048/06/23,17:26:56, [ 14 ] ,896,22,22,22,22,22,22,22,22,22,22,22,22,22,22,22,22,22,22,22,22,22,22,22,22,22,22,22,22,22,22,22,22,22,22,22,22,23,22,22,22,22,22,22,22,22,22,22,22,22,22,22,22,22,22,22,22,22,22,22,22,22,22,22,22
24-06-23,17:33:08,2048/06/23,17:26:57, [ 15 ] ,960,22,22,22,22,22,22,22,22,22,22,22,22,22,22,22,22,22,22,22,22,22,22,22,22,22,22,22,22,22,22,22,22,22,22,22,22,22,22,22,22,22,-95,-95,-95,-95,-95,-95,-95,-95,-95,-95,-95,-95,-95,-95,-95,-95,-95,-95,-95,-95,-95,-95,-95
24-06-23,17:33:10,2048/06/23,17:26:58, [ 0 ] ,0,-95,22,22,22,22,22,22,22,22,23,22,22,22,22,22,22,22,22,22,22,22,22,23,23,22,22,22,22,22,22,22,22,22,22,22,22,22,22,22,22,22,22,22,22,22,22,22,22,22,22,22,22,22,22,22,22,22,22,22,22,22,22,22,22
24-06-23,17:33:10,2048/06/23,17:26:59, [ 1 ] ,64,22,22,22,22,22,22,22,22,22,22,22,22,22,22,22,22,22,22,22,22,22,22,22,22,22,22,22,22,22,22,22,22,22,22,22,22,22,22,22,22,22,22,22,22,22,22,22,22,22,22,22,22,22,22,22,22,22,22,22,22,22,22,22,22
24-06-23,17:33:12,2048/06/23,17:27:00, [ 2 ] ,128,22,22,22,22,22,22,22,22,22,22,22,22,22,22,22,22,22,22,22,22,22,22,22,22,22,22,22,22,22,22,22,-95,22,22,22,22,22,22,22,22,22,22,22,22,22,22,21,22,22,22,22,22,22,22,22,22,22,22,22,22,22,22,22,23
24-06-23,17:33:13,2048/06/23,17:27:01, [ 3 ] ,192,22,22,23,22,22,23,23,23,24,25,ALARM: 24,25,25,23,23,23,23,23,22,23,23,23,23,23,23,23,23,23,23,23,23,23,22,22,22,22,22,22,22,22,22,22,22,22,22,22,22,22,22,22,22,22,22,22,22,22,22,22,22,22,22,22,22,22
24-06-23,17:33:13,2048/06/23,17:27:02, [ 4 ] ,256,22,22,22,22,22,22,22,22,22,22,22,22,22,22,22,22,22,22,22,22,22,22,22,22,22,22,22,22,22,22,22,22,22,22,22,22,22,22,22,22,22,22,22,22,22,22,22,22,22,22,22,22,22,22,22,22,22,22,22,22,22,22,22,22
24-06-23,17:33:15,2048/06/23,17:27:03, [ 3 ] ,192,22,22,23,22,22,23,23,23,ALARM: 25,25,ALARM: 24,26,26,24,24,23,23,23,22,23,23,23,23,23,23,23,23,23,23,23,23,23,22,22,22,22,22,22,22,22,22,22,22,22,22,22,22,22,22,22,22,22,22,22,22,22,22,22,22,22,22,22,22,22
24-06-23,17:33:15,2048/06/23,17:27:04, [ 5 ] ,320,22,22,22,22,22,22,22,22,22,22,22,22,22,22,22,22,22,22,22,22,22,22,22,22,22,22,22,22,22,22,22,22,22,22,22,22,22,22,22,22,22,22,22,22,22,22,22,22,22,22,22,22,22,22,22,22,22,22,22,22,22,22,22,22
24-06-23,17:33:17,2048/06/23,17:27:05, [ 3 ] ,192,22,22,23,22,22,23,24,23,ALARM: 25,25,ALARM: 25,27,27,24,ALARM: 24,23,23,23,23,23,23,ALARM: 24,23,23,23,23,23,23,23,23,23,23,22,22,22,22,23,23,22,22,22,22,22,22,22,22,22,22,22,22,22,22,22,22,22,22,22,22,22,22,22,22,22,22
24-06-23,17:33:17,2048/06/23,17:27:06, [ 6 ] ,384,22,22,22,22,22,22,22,22,22,22,22,22,22,22,22,22,22,22,22,22,22,22,22,22,22,22,22,22,22,22,22,22,22,22,22,22,22,22,22,22,22,22,22,22,22,22,22,22,22,22,22,22,22,22,22,22,22,22,22,22,22,22,22,22
24-06-23,17:33:19,2048/06/23,17:27:07, [ 3 ] ,192,22,22,23,22,22,23,24,24,ALARM: 26,26,ALARM: 25,27,27,ALARM: 25,ALARM: 24,23,23,23,23,24,23,ALARM: 24,23,23,23,23,23,23,23,23,23,23,23,23,22,22,23,23,22,22,22,22,22,22,22,22,22,22,22,22,22,22,22,22,22,22,22,22,22,22,22,22,22,22
24-06-23,17:33:19,2048/06/23,17:27:08, [ 7 ] ,448,22,22,22,22,22,22,22,22,22,22,22,22,22,22,22,22,22,22,22,22,22,22,22,22,22,22,22,22,22,22,22,22,22,22,22,22,22,22,22,22,22,22,22,22,22,22,22,22,22,22,22,22,22,22,22,22,22,22,22,22,22,22,22,22
24-06-23,17:33:21,2048/06/23,17:27:10, [ 3 ] ,192,23,22,23,22,22,23,ALARM: 24,ALARM: 24,ALARM: 26,26,ALARM: 26,28,28,ALARM: 25,ALARM: 25,23,23,23,23,24,23,ALARM: 24,23,23,23,23,23,23,23,23,23,23,23,23,22,22,23,23,22,22,22,22,22,22,22,22,22,22,22,22,22,22,22,22,22,22,22,22,22,22,22,22,22,22
24-06-23,17:33:22,2048/06/23,17:27:11, [ 8 ] ,512,22,22,22,22,22,22,22,22,22,22,22,22,22,22,22,22,22,22,22,22,22,22,22,22,22,22,22,22,22,22,22,22,22,22,22,22,22,22,22,22,22,22,22,22,22,22,22,22,22,22,22,22,22,22,22,22,22,22,22,22,22,22,22,22
24-06-23,17:33:23,2048/06/23,17:27:12, [ 3 ] ,192,23,22,23,22,22,24,ALARM: 24,ALARM: 24,ALARM: 27,27,ALARM: 26,28,28,ALARM: 26,ALARM: 25,23,23,23,23,24,23,ALARM: 25,24,23,23,23,23,23,23,23,23,23,23,23,22,23,23,23,22,22,22,23,22,22,22,22,22,22,22,23,23,22,22,22,22,22,22,22,22,22,22,22,22,22
24-06-23,17:33:24,2048/06/23,17:27:13, [ 9 ] ,576,22,22,22,22,22,22,22,22,22,22,22,22,22,22,22,22,22,22,22,22,22,22,22,22,22,22,22,22,22,22,22,22,22,22,22,22,22,22,22,22,22,22,21,22,22,22,22,22,22,22,22,22,22,22,22,22,22,22,22,22,22,22,22,22
24-06-23,17:33:25,2048/06/23,17:27:14, [ 3 ] ,192,23,23,23,22,23,24,ALARM: 25,ALARM: 24,ALARM: 27,ALARM: 27,ALARM: 27,28,28,ALARM: 26,ALARM: 25,23,23,23,23,24,23,ALARM: 25,ALARM: 24,24,23,23,23,23,23,23,23,23,23,23,22,23,23,23,23,22,23,23,22,23,22,23,22,23,22,23,23,22,22,22,22,22,22,22,22,22,22,22,22,22
24-06-23,17:33:26,2048/06/23,17:27:15, [ 10 ] ,640,22,22,22,22,22,22,22,22,22,22,22,22,22,22,-90,22,22,22,22,22,22,22,22,22,22,22,22,22,22,22,22,22,22,22,22,22,22,22,22,22,22,22,22,22,22,22,22,22,22,22,22,22,22,22,22,22,22,22,22,22,22,22,22,22
24-06-23,17:33:27,2048/06/23,17:27:16, [ 3 ] ,192,23,23,23,22,23,ALARM: 24,ALARM: 25,ALARM: 25,ALARM: 27,ALARM: 27,ALARM: 27,28,28,ALARM: 26,ALARM: 26,23,23,23,23,24,23,ALARM: 25,ALARM: 24,24,23,23,24,23,23,23,23,23,23,23,22,23,23,23,23,22,23,23,22,23,22,23,23,23,22,23,23,23,22,22,22,22,22,22,22,22,22,22,22,22
24-06-23,17:33:28,2048/06/23,17:27:17, [ 11 ] ,704,22,22,22,22,22,22,22,22,22,22,22,22,22,22,22,22,22,22,22,22,22,22,22,22,22,22,22,22,22,22,22,22,22,22,22,22,22,22,22,22,22,22,22,22,22,22,22,22,22,22,22,22,22,22,22,22,22,22,22,22,22,22,22,22
24-06-23,17:33:29,2048/06/23,17:27:18, [ 3 ] ,192,23,23,23,23,23,ALARM: 24,ALARM: 25,ALARM: 25,ALARM: 27,ALARM: 27,ALARM: 27,29,29,ALARM: 26,ALARM: 26,23,23,23,23,24,23,ALARM: 25,ALARM: 24,ALARM: 24,23,24,24,23,23,23,23,23,23,23,23,23,23,23,23,22,23,23,22,23,23,23,23,23,22,23,23,23,22,22,23,22,23,22,22,22,22,22,22,23
24-06-23,17:33:30,2048/06/23,17:27:19, [ 12 ] ,768,22,22,22,22,22,22,22,22,22,22,22,22,22,22,22,22,22,22,22,22,22,22,22,22,22,22,22,22,22,22,22,22,22,22,22,22,22,22,22,22,22,22,22,22,22,22,22,22,22,22,22,22,22,22,22,22,22,22,22,22,22,22,22,22
24-06-23,17:33:32,2048/06/23,17:27:21, [ 3 ] ,192,23,23,23,23,23,ALARM: 24,ALARM: 25,ALARM: 25,ALARM: 28,ALARM: 28,ALARM: 28,30,30,ALARM: 27,ALARM: 26,23,23,23,23,24,23,ALARM: 24,ALARM: 24,ALARM: 24,23,24,ALARM: 24,23,23,23,23,23,23,23,23,23,23,23,23,23,23,23,23,23,23,23,23,23,23,23,23,23,22,23,23,22,23,22,23,22,22,22,23,23
24-06-23,17:33:33,2048/06/23,17:27:22, [ 13 ] ,832,22,22,22,22,22,22,22,22,22,22,22,22,22,22,22,22,22,22,22,22,22,22,22,22,22,22,22,22,22,22,22,22,22,22,22,22,22,22,22,22,22,22,22,22,22,22,22,22,22,22,22,22,22,22,22,22,22,23,22,22,22,22,22,22
24-06-23,17:33:35,2048/06/23,17:27:23, [ 3 ] ,192,23,23,23,23,23,ALARM: 25,ALARM: 25,ALARM: 26,ALARM: 28,ALARM: 28,ALARM: 28,30,30,ALARM: 27,ALARM: 26,23,23,23,23,24,23,ALARM: 24,ALARM: 24,ALARM: 24,23,ALARM: 24,ALARM: 24,23,23,23,23,23,23,23,23,23,23,23,23,23,23,23,23,23,23,23,23,23,23,23,23,23,22,23,23,23,23,22,23,23,23,23,23,23
24-06-23,17:33:35,2048/06/23,17:27:24, [ 14 ] ,896,22,22,22,22,22,22,22,22,22,22,22,22,22,22,22,22,22,22,22,22,22,22,22,22,22,22,22,22,22,22,22,22,22,22,22,22,23,22,22,22,22,22,22,22,22,22,22,22,22,22,22,22,22,22,22,22,22,22,22,22,22,22,22,22
24-06-23,17:33:37,2048/06/23,17:27:25, [ 3 ] ,192,23,23,23,23,23,ALARM: 25,ALARM: 25,ALARM: 26,ALARM: 28,ALARM: 28,ALARM: 28,30,30,ALARM: 27,ALARM: 26,23,23,23,23,24,23,ALARM: 24,ALARM: 24,ALARM: 24,23,ALARM: 24,ALARM: 24,23,23,23,23,23,23,23,23,23,23,23,23,23,23,23,23,23,23,23,23,23,23,23,23,23,22,23,23,23,23,22,23,23,23,23,23,23
24-06-23,17:33:37,2048/06/23,17:27:26, [ 15 ] ,960,22,22,22,22,22,22,22,22,22,22,22,22,22,22,22,22,22,22,22,22,22,22,22,22,22,22,22,22,22,22,22,22,22,22,22,22,22,22,22,22,22,-95,-95,-95,-95,-95,-95,-95,-95,-95,-95,-95,-95,-95,-95,-95,-95,-95,-95,-95,-95,-95,-95,-95
24-06-23,17:33:38,2048/06/23,17:27:27, [ 3 ] ,192,23,23,23,23,23,ALARM: 25,ALARM: 26,ALARM: 26,ALARM: 28,ALARM: 28,ALARM: 28,30,30,ALARM: 27,ALARM: 27,23,23,23,23,24,24,ALARM: 25,ALARM: 25,ALARM: 25,24,ALARM: 24,ALARM: 24,23,23,23,23,23,23,23,23,23,23,23,23,23,23,23,23,23,23,23,23,23,23,23,23,23,23,23,23,23,23,22,23,23,23,23,23,23
24-06-23,17:33:39,2048/06/23,17:27:28, [ 0 ] ,0,-95,22,22,22,22,22,22,22,22,23,22,22,22,22,22,22,22,22,22,22,22,22,23,23,22,22,22,22,22,22,22,22,22,22,22,22,22,22,22,22,22,22,22,22,22,22,22,22,22,22,22,22,22,22,22,22,22,22,22,22,22,22,22,22
24-06-23,17:33:40,2048/06/23,17:27:29, [ 3 ] ,192,23,23,23,23,23,ALARM: 25,ALARM: 26,ALARM: 26,ALARM: 28,28,ALARM: 28,30,30,ALARM: 27,ALARM: 27,23,23,23,23,24,24,ALARM: 25,ALARM: 25,ALARM: 25,24,ALARM: 24,ALARM: 24,24,23,23,23,23,23,23,23,23,23,23,23,23,23,23,23,23,23,23,23,23,23,23,23,23,23,23,23,23,23,22,23,23,23,23,23,23
24-06-23,17:33:42,2048/06/23,17:27:30, [ 1 ] ,64,22,22,22,22,22,22,22,22,22,22,22,22,22,22,22,22,22,22,22,22,22,22,22,22,22,22,22,22,22,22,22,22,22,22,22,22,22,22,22,22,22,22,22,22,22,22,22,22,22,22,22,22,22,22,22,22,22,22,22,22,22,22,22,22
24-06-23,17:33:42,2048/06/23,17:27:31, [ 3 ] ,192,23,23,23,23,23,ALARM: 25,ALARM: 26,ALARM: 26,ALARM: 28,28,ALARM: 28,30,ALARM: 31,ALARM: 28,ALARM: 27,23,23,23,23,24,24,ALARM: 25,ALARM: 25,ALARM: 25,24,ALARM: 25,ALARM: 24,24,ALARM: 24,23,23,23,23,23,23,23,23,23,23,23,23,23,23,23,23,23,23,23,23,23,23,23,23,23,23,23,23,23,23,23,23,23,23,23
24-06-23,17:33:43,2048/06/23,17:27:32, [ 2 ] ,128,22,22,22,22,22,22,22,22,22,22,22,22,22,22,22,22,22,22,22,22,22,22,22,22,22,22,22,22,22,22,22,-95,22,22,22,22,22,22,22,22,22,22,22,22,22,22,22,22,22,22,22,22,22,22,22,22,22,22,22,23,22,22,23,23
24-06-23,17:33:44,2048/06/23,17:27:33, [ 3 ] ,192,23,23,23,23,23,ALARM: 25,ALARM: 26,ALARM: 26,ALARM: 28,28,ALARM: 29,ALARM: 31,ALARM: 31,ALARM: 28,ALARM: 27,23,23,23,23,24,24,ALARM: 25,ALARM: 25,ALARM: 25,ALARM: 24,ALARM: 25,ALARM: 25,24,ALARM: 24,23,23,23,23,23,23,23,23,23,23,23,23,23,23,23,23,23,23,23,23,23,23,23,23,23,23,23,23,23,23,23,23,23,23,23
24-06-23,17:33:45,2048/06/23,17:27:34, [ 4 ] ,256,23,23,23,23,23,23,23,23,23,23,23,23,22,23,22,23,22,22,22,22,23,22,22,22,22,22,22,22,22,23,22,22,22,22,22,22,22,22,22,22,22,22,22,22,22,22,22,22,22,22,22,22,22,22,22,22,22,22,22,22,22,22,22,22
24-06-23,17:33:48,2048/06/23,17:27:36, [ 3 ] ,192,23,23,23,23,23,ALARM: 25,ALARM: 26,ALARM: 26,ALARM: 28,28,ALARM: 29,ALARM: 30,ALARM: 30,ALARM: 28,ALARM: 27,23,23,23,23,24,ALARM: 24,ALARM: 25,ALARM: 25,ALARM: 25,ALARM: 24,ALARM: 25,ALARM: 25,24,ALARM: 24,23,23,23,23,23,23,23,23,23,23,23,23,23,23,23,23,23,23,23,23,23,23,23,23,23,23,23,23,23,23,23,23,23,23,23
24-06-23,17:33:48,2048/06/23,17:27:37, [ 5 ] ,320,22,22,22,22,22,22,22,22,22,22,22,22,22,22,22,22,22,22,22,22,22,22,22,22,22,22,22,22,22,22,22,22,22,22,22,22,22,22,22,22,22,22,22,22,22,22,22,22,22,22,22,22,22,22,22,22,22,22,22,22,22,22,22,22
24-06-23,17:33:50,2048/06/23,17:27:38, [ 3 ] ,192,23,23,23,23,23,ALARM: 25,ALARM: 26,ALARM: 26,ALARM: 28,28,ALARM: 29,ALARM: 30,ALARM: 30,ALARM: 28,ALARM: 27,23,23,23,23,24,ALARM: 24,ALARM: 25,ALARM: 25,ALARM: 25,ALARM: 24,ALARM: 25,ALARM: 25,24,ALARM: 24,23,23,23,23,23,23,23,23,23,23,23,23,23,23,23,23,23,23,23,23,23,23,23,23,23,23,23,23,23,23,23,23,23,23,23
24-06-23,17:33:50,2048/06/23,17:27:39, [ 6 ] ,384,22,22,22,22,22,22,22,22,22,22,22,22,22,22,22,22,22,22,22,22,22,22,22,22,22,22,22,22,22,22,22,22,22,22,22,22,22,22,22,22,22,22,22,22,22,22,22,22,22,22,22,22,22,22,22,22,22,22,22,22,22,22,22,22
24-06-23,17:33:51,2048/06/23,17:27:40, [ 3 ] ,192,23,23,23,23,23,ALARM: 25,ALARM: 26,ALARM: 26,ALARM: 28,ALARM: 28,ALARM: 29,ALARM: 30,ALARM: 30,ALARM: 28,ALARM: 27,23,23,23,23,24,ALARM: 24,ALARM: 25,ALARM: 25,ALARM: 25,ALARM: 24,ALARM: 25,ALARM: 25,24,ALARM: 24,23,23,23,23,23,23,23,23,23,23,23,23,23,23,23,23,23,23,23,23,23,23,23,23,23,23,23,23,23,23,23,23,23,23,23
24-06-23,17:33:52,2048/06/23,17:27:41, [ 7 ] ,448,22,22,22,22,22,22,22,22,22,22,22,22,22,22,22,22,22,22,22,22,22,22,22,22,22,22,22,22,22,22,22,22,22,22,22,22,22,22,22,22,22,22,22,22,22,22,22,22,22,22,22,22,22,22,22,22,22,22,22,22,22,22,22,22
24-06-23,17:33:53,2048/06/23,17:27:42, [ 3 ] ,192,23,23,23,23,23,ALARM: 25,ALARM: 26,ALARM: 26,ALARM: 28,ALARM: 28,ALARM: 29,ALARM: 30,ALARM: 30,ALARM: 28,ALARM: 27,23,23,23,23,24,ALARM: 24,ALARM: 25,ALARM: 25,ALARM: 25,ALARM: 24,ALARM: 25,ALARM: 25,ALARM: 24,ALARM: 24,23,23,23,23,23,23,23,23,23,23,23,23,23,23,23,23,23,23,23,23,23,23,23,23,23,23,23,23,23,23,23,23,23,23,23
24-06-23,17:33:55,2048/06/23,17:27:44, [ 8 ] ,512,22,22,22,22,22,22,22,22,22,22,22,22,22,22,22,22,22,22,22,22,22,22,22,22,22,22,22,22,22,22,22,22,22,22,22,22,22,22,22,22,22,22,22,22,22,22,22,22,22,22,22,22,22,22,22,22,22,22,22,22,22,22,22,22
24-06-23,17:33:57,2048/06/23,17:27:45, [ 3 ] ,192,23,23,23,23,23,ALARM: 25,ALARM: 26,ALARM: 26,28,ALARM: 28,ALARM: 29,30,30,ALARM: 28,ALARM: 27,23,23,23,23,24,ALARM: 24,ALARM: 24,ALARM: 25,ALARM: 25,ALARM: 25,ALARM: 25,ALARM: 25,ALARM: 24,ALARM: 24,24,23,23,23,23,23,23,23,23,23,23,23,23,23,23,23,23,23,23,23,23,23,23,23,23,23,23,23,23,23,23,23,23,23,23
24-06-23,17:33:57,2048/06/23,17:27:46, [ 9 ] ,576,22,22,22,22,22,22,22,22,22,22,22,22,22,22,22,22,22,22,22,22,22,22,22,22,22,22,22,22,22,22,22,22,22,22,22,22,22,22,22,22,22,22,21,22,22,22,22,22,22,22,22,22,22,22,22,22,22,22,22,22,22,22,22,22
24-06-23,17:33:58,2048/06/23,17:27:47, [ 3 ] ,192,23,23,23,23,23,ALARM: 25,ALARM: 26,ALARM: 26,28,ALARM: 28,ALARM: 29,30,30,ALARM: 27,ALARM: 27,23,23,23,23,24,ALARM: 24,ALARM: 24,ALARM: 25,ALARM: 25,ALARM: 25,ALARM: 25,ALARM: 25,ALARM: 24,ALARM: 24,24,23,23,23,23,23,23,23,23,23,23,23,23,23,23,23,23,23,23,23,23,23,23,23,23,23,23,23,23,23,23,23,23,23,23
24-06-23,17:33:59,2048/06/23,17:27:48, [ 10 ] ,640,22,22,22,22,22,22,22,22,22,22,22,22,22,22,-90,22,22,22,22,22,22,22,22,22,22,22,22,22,22,22,22,22,22,22,22,22,22,22,22,22,22,22,22,22,22,22,22,22,22,22,22,22,22,22,22,22,22,22,22,22,22,22,22,22
24-06-23,17:34:00,2048/06/23,17:27:49, [ 3 ] ,192,23,23,23,23,23,ALARM: 25,ALARM: 26,ALARM: 26,28,ALARM: 28,ALARM: 29,30,30,ALARM: 27,ALARM: 27,23,23,23,23,24,ALARM: 24,ALARM: 24,ALARM: 25,ALARM: 25,ALARM: 25,ALARM: 25,ALARM: 25,ALARM: 24,ALARM: 24,24,23,23,23,23,23,23,23,23,23,23,23,23,23,23,23,23,23,23,23,23,23,23,23,23,23,23,23,23,23,23,23,23,23,23
24-06-23,17:34:01,2048/06/23,17:27:50, [ 11 ] ,704,22,22,22,22,22,22,22,22,22,22,22,22,22,22,22,22,22,22,22,22,22,22,22,22,22,22,22,22,22,22,22,22,22,22,22,22,22,22,22,22,22,22,22,22,22,22,22,22,22,22,22,22,22,22,22,22,22,22,22,22,22,22,22,22
24-06-23,17:34:03,2048/06/23,17:27:51, [ 3 ] ,192,23,23,23,23,23,ALARM: 25,ALARM: 26,ALARM: 26,ALARM: 28,ALARM: 28,ALARM: 28,30,30,ALARM: 27,ALARM: 26,23,23,23,23,24,ALARM: 24,ALARM: 24,ALARM: 25,ALARM: 25,ALARM: 25,ALARM: 25,ALARM: 25,ALARM: 24,ALARM: 24,24,24,23,23,23,23,23,23,23,23,23,23,23,23,23,23,23,23,23,23,23,23,23,23,23,23,23,23,23,23,23,23,23,23,23
24-06-23,17:34:04,2048/06/23,17:27:53, [ 12 ] ,768,22,22,22,22,22,22,22,22,22,22,22,22,22,22,22,22,22,22,22,22,22,22,22,22,22,22,22,22,22,22,22,22,22,22,22,22,22,22,22,22,22,22,22,22,22,22,22,22,22,22,22,22,22,22,22,22,22,22,22,22,22,22,22,22
24-06-23,17:34:06,2048/06/23,17:27:54, [ 3 ] ,192,23,23,23,23,23,ALARM: 25,ALARM: 26,ALARM: 26,ALARM: 28,ALARM: 28,ALARM: 28,30,29,ALARM: 27,ALARM: 26,23,23,23,23,24,ALARM: 24,ALARM: 24,ALARM: 25,ALARM: 25,ALARM: 25,ALARM: 25,ALARM: 25,ALARM: 24,ALARM: 24,24,24,23,23,23,23,23,23,23,23,23,23,23,23,23,23,23,23,23,23,23,23,23,23,23,23,23,23,23,23,23,23,23,23,23
24-06-23,17:34:06,2048/06/23,17:27:55, [ 13 ] ,832,22,22,22,22,22,22,22,22,22,22,22,22,22,22,22,22,22,22,22,22,22,22,22,22,22,22,22,22,22,22,22,22,22,22,22,22,22,22,22,22,22,22,22,22,22,22,22,22,22,22,22,22,22,22,22,22,22,23,22,22,22,22,22,22
24-06-23,17:34:07,2048/06/23,17:27:56, [ 3 ] ,192,23,23,23,23,23,ALARM: 25,ALARM: 26,ALARM: 26,28,28,28,30,29,27,26,23,23,23,23,24,24,ALARM: 24,ALARM: 25,ALARM: 25,ALARM: 25,ALARM: 25,ALARM: 25,ALARM: 24,ALARM: 24,24,24,23,23,23,23,23,23,23,23,23,23,23,23,23,23,23,23,23,23,23,23,23,23,23,23,23,23,23,23,23,23,23,23,23
24-06-23,17:34:09,2048/06/23,17:27:57, [ 14 ] ,896,22,22,22,22,22,22,22,22,22,22,22,22,22,22,22,22,22,22,22,22,22,22,22,22,22,22,22,22,22,22,22,22,22,22,22,22,23,22,22,22,22,22,22,22,22,22,22,22,22,22,22,22,22,22,22,22,22,22,22,22,22,22,22,22
24-06-23,17:34:09,2048/06/23,17:27:58, [ 3 ] ,192,23,23,23,23,23,ALARM: 25,ALARM: 26,ALARM: 26,28,28,28,30,29,ALARM: 27,26,23,23,23,23,24,24,ALARM: 24,ALARM: 25,ALARM: 25,ALARM: 25,ALARM: 25,ALARM: 25,ALARM: 24,ALARM: 24,24,24,23,23,23,23,23,23,23,23,23,23,23,23,23,23,23,23,23,23,23,23,23,23,23,23,23,23,23,23,23,23,23,23,23
24-06-23,17:34:10,2048/06/23,17:27:59, [ 15 ] ,960,22,22,22,22,22,22,22,22,22,22,22,22,22,22,22,22,22,22,22,22,22,22,22,22,22,22,22,22,22,22,22,22,22,22,22,22,22,22,22,22,22,-95,-95,-95,-95,-95,-95,-95,-95,-95,-95,-95,-95,-95,-95,-95,-95,-95,-95,-95,-95,-95,-95,-95
24-06-23,17:34:12,2048/06/23,17:28:00, [ 3 ] ,192,23,23,23,23,23,ALARM: 25,ALARM: 26,ALARM: 26,28,28,28,30,29,ALARM: 27,26,23,23,23,23,24,24,ALARM: 24,ALARM: 25,ALARM: 25,ALARM: 25,ALARM: 25,ALARM: 25,ALARM: 24,ALARM: 24,24,24,23,23,23,23,23,23,23,23,23,23,23,23,23,23,23,23,23,23,23,23,23,23,23,23,23,23,23,23,23,23,23,23,23
24-06-23,17:34:12,2048/06/23,17:28:01, [ 0 ] ,0,-95,22,22,22,22,22,22,22,22,23,22,22,22,22,22,22,22,22,22,22,22,22,23,23,22,22,22,22,22,22,22,22,22,22,22,22,22,22,22,22,22,22,22,22,22,22,22,22,22,22,22,22,22,22,22,22,22,22,22,22,22,22,22,22
24-06-23,17:34:14,2048/06/23,17:28:02, [ 3 ] ,192,23,23,23,23,23,ALARM: 25,ALARM: 26,ALARM: 26,28,28,ALARM: 28,29,29,ALARM: 27,26,23,23,23,23,24,24,ALARM: 24,ALARM: 24,ALARM: 25,ALARM: 25,ALARM: 25,ALARM: 25,ALARM: 24,ALARM: 24,24,24,24,23,23,23,23,23,23,23,23,23,23,23,23,23,23,23,23,23,23,23,23,23,23,23,23,23,23,23,23,23,23,23,23
24-06-23,17:34:14,2048/06/23,17:28:03, [ 1 ] ,64,22,22,22,22,22,22,22,22,22,22,22,22,22,22,22,22,22,22,22,22,22,22,22,22,22,22,22,22,22,22,22,22,22,22,22,22,22,22,22,22,22,22,22,22,22,22,22,22,22,22,22,22,22,22,22,22,22,22,22,22,22,22,22,22
24-06-23,17:34:15,2048/06/23,17:28:04, [ 3 ] ,192,23,23,23,23,23,ALARM: 25,ALARM: 26,ALARM: 26,27,28,ALARM: 28,29,29,ALARM: 27,26,23,23,23,23,24,24,ALARM: 24,ALARM: 24,ALARM: 25,ALARM: 25,ALARM: 25,ALARM: 25,ALARM: 24,ALARM: 24,24,24,24,23,23,23,23,23,23,23,23,23,23,23,23,23,23,23,23,23,23,23,23,23,23,23,23,23,23,23,23,23,23,23,23
24-06-23,17:34:16,2048/06/23,17:28:05, [ 2 ] ,128,22,22,22,22,22,22,22,22,22,22,22,22,22,22,22,22,22,22,22,22,22,22,22,22,22,22,22,22,22,22,22,-95,22,22,22,22,22,22,22,22,22,22,22,22,22,22,22,22,22,22,22,22,22,22,22,22,22,22,22,23,22,22,23,23
24-06-23,17:34:17,2048/06/23,17:28:06, [ 3 ] ,192,23,23,23,23,23,ALARM: 25,ALARM: 26,ALARM: 26,27,27,ALARM: 28,29,29,ALARM: 27,26,23,23,23,23,24,24,ALARM: 24,ALARM: 24,ALARM: 25,ALARM: 25,ALARM: 25,ALARM: 25,ALARM: 24,ALARM: 24,ALARM: 24,24,24,23,23,23,23,23,23,23,23,23,23,23,23,23,23,23,23,23,23,23,23,23,23,23,23,23,23,23,23,23,23,23,23
24-06-23,17:34:18,2048/06/23,17:28:07, [ 4 ] ,256,23,23,23,23,23,23,23,23,23,23,23,23,23,23,23,23,23,23,23,23,23,23,23,23,23,23,23,23,23,23,23,23,23,23,23,23,23,23,23,23,23,23,23,23,23,23,23,23,23,23,23,23,23,23,23,23,23,23,23,23,23,23,23,23
24-06-23,17:34:19,2048/06/23,17:28:09, [ 3 ] ,192,23,23,23,23,23,25,25,26,27,27,28,29,28,27,26,23,23,23,23,23,24,24,24,25,ALARM: 25,ALARM: 25,25,24,24,ALARM: 24,24,24,24,23,23,23,23,23,23,23,23,23,23,23,23,23,23,23,23,23,23,23,23,23,23,23,23,23,23,23,23,23,23,23
24-06-23,17:34:20,2048/06/23,17:28:10, [ 5 ] ,320,23,23,23,23,23,23,23,23,23,23,22,23,23,23,23,23,22,23,22,22,23,22,22,22,22,22,22,22,22,22,23,22,22,22,22,22,22,22,22,22,22,22,22,22,23,22,22,22,22,22,22,22,22,22,22,22,22,22,22,22,22,22,22,22
24-06-23,17:34:21,2048/06/23,17:28:11, [ 3 ] ,192,23,23,23,23,23,24,25,26,27,27,28,29,28,27,26,23,23,23,23,23,24,24,24,25,ALARM: 25,ALARM: 25,25,24,24,ALARM: 24,24,24,24,23,23,23,23,23,23,23,23,23,23,23,23,23,23,23,23,23,23,23,23,23,23,23,23,23,23,23,23,23,23,23
24-06-23,17:34:22,2048/06/23,17:28:12, [ 6 ] ,384,22,22,22,22,22,22,22,22,22,22,22,22,22,22,22,22,22,22,22,22,22,22,22,22,22,22,22,22,22,22,22,22,22,22,22,22,22,22,22,22,22,22,22,22,22,22,22,22,22,22,22,22,22,22,22,22,22,22,22,22,22,22,22,22
24-06-23,17:34:23,2048/06/23,17:28:13, [ 3 ] ,192,23,23,23,23,23,24,25,26,27,27,28,29,28,26,26,23,23,23,23,23,24,24,24,25,ALARM: 25,ALARM: 25,25,24,24,ALARM: 24,24,24,24,23,23,23,23,23,23,23,23,23,23,23,23,23,23,23,23,23,23,23,23,23,23,23,23,23,23,23,23,23,23,23
24-06-23,17:34:24,2048/06/23,17:28:14, [ 7 ] ,448,22,22,22,22,22,22,22,22,22,22,22,22,22,22,22,22,22,22,22,22,22,22,22,22,22,22,22,22,22,22,22,22,22,22,22,22,22,22,22,22,22,22,22,22,22,22,22,22,22,22,22,22,22,22,22,22,22,22,22,22,22,22,22,22
24-06-23,17:34:26,2048/06/23,17:28:15, [ 3 ] ,192,23,23,23,23,23,24,25,26,27,27,28,29,28,26,26,23,23,23,23,23,24,24,24,25,ALARM: 25,ALARM: 25,25,24,24,ALARM: 24,24,24,24,23,23,23,23,23,23,23,23,23,23,23,23,23,23,23,23,23,23,23,23,23,23,23,23,23,23,23,23,23,23,23
24-06-23,17:34:26,2048/06/23,17:28:16, [ 8 ] ,512,22,22,22,22,22,22,22,22,22,22,22,22,22,22,22,22,22,22,22,22,22,22,22,22,22,22,22,22,22,22,22,22,22,22,22,22,22,22,22,22,22,22,22,22,22,22,22,22,22,22,22,22,22,22,22,22,22,22,22,22,22,22,22,22
24-06-23,17:34:28,2048/06/23,17:28:17, [ 3 ] ,192,23,23,23,23,23,24,25,26,27,27,28,28,28,26,26,23,23,23,23,23,24,24,24,25,ALARM: 25,ALARM: 25,25,24,24,ALARM: 24,24,24,24,23,23,23,23,23,23,23,23,23,23,23,23,23,23,23,23,23,23,23,23,23,23,23,23,23,23,23,23,23,23,23
24-06-23,17:34:28,2048/06/23,17:28:18, [ 9 ] ,576,22,22,22,22,22,22,22,22,22,22,22,22,22,22,22,22,22,22,22,22,22,22,22,22,22,22,22,22,22,22,22,22,22,22,22,22,22,22,22,22,22,22,21,22,22,22,22,22,22,22,22,22,22,22,22,22,22,22,22,22,22,22,22,22
24-06-23,17:34:30,2048/06/23,17:28:19, [ 3 ] ,192,23,23,23,23,23,24,25,26,27,27,28,28,28,26,26,23,23,23,23,23,24,24,24,25,ALARM: 25,ALARM: 25,25,24,24,ALARM: 24,24,24,24,23,23,23,23,23,23,23,23,23,23,23,23,23,23,23,23,23,23,23,23,23,23,23,23,23,23,23,23,23,23,23
24-06-23,17:34:30,2048/06/23,17:28:20, [ 10 ] ,640,22,22,22,22,22,22,22,22,22,22,22,22,22,22,22,22,22,22,22,22,22,22,22,22,22,22,22,22,22,22,22,22,22,22,22,22,22,22,22,22,22,22,22,22,22,22,22,22,22,22,22,22,22,22,22,22,22,22,22,22,22,22,22,22
24-06-23,17:34:32,2048/06/23,17:28:21, [ 3 ] ,192,23,23,23,23,23,24,25,26,27,27,28,28,28,26,26,23,23,23,23,23,24,24,24,25,ALARM: 25,ALARM: 25,25,24,24,ALARM: 24,24,24,24,23,23,23,23,23,23,23,23,23,23,23,23,23,23,23,23,23,23,23,23,23,23,23,23,23,23,23,23,23,23,23
24-06-23,17:34:32,2048/06/23,17:28:22, [ 11 ] ,704,22,22,22,22,22,22,22,22,22,22,22,22,22,22,22,22,22,22,22,22,22,22,22,22,22,22,22,22,22,22,22,22,22,22,22,22,22,22,22,22,22,22,22,22,22,22,22,22,22,22,22,22,22,22,22,22,22,22,22,22,22,22,22,22
24-06-23,17:34:34,2048/06/23,17:28:23, [ 12 ] ,768,22,22,22,22,22,22,22,22,22,22,22,22,22,22,22,22,22,22,22,22,22,22,22,22,22,22,22,22,22,22,22,22,22,22,22,22,22,22,22,22,22,22,22,22,22,22,22,22,22,22,22,22,22,22,22,22,22,22,22,22,22,22,22,22
24-06-23,17:34:34,2048/06/23,17:28:24, [ 13 ] ,832,22,22,22,22,22,22,22,22,22,22,22,22,22,22,22,22,22,22,22,22,22,22,22,22,22,22,22,22,22,22,22,22,22,22,22,22,22,22,22,22,22,22,22,22,22,22,22,22,22,22,22,22,22,22,22,22,22,23,22,22,22,22,22,22
24-06-23,17:34:35,2048/06/23,17:28:24, [ 14 ] ,896,22,22,22,22,22,22,22,22,22,22,22,22,22,22,22,22,22,22,22,22,22,22,22,22,22,22,22,22,22,22,22,22,22,22,22,22,23,22,22,22,22,22,22,22,22,22,22,22,22,22,22,22,22,22,22,22,22,22,22,22,22,22,22,22
24-06-23,17:34:36,2048/06/23,17:28:26, [ 15 ] ,960,22,22,22,22,22,22,22,22,22,22,22,22,22,22,22,22,22,22,22,22,22,22,22,22,22,22,22,22,22,22,22,22,22,22,22,22,22,22,22,22,22,-95,-95,-95,-95,-95,-95,-95,-95,-95,-95,-95,-95,-95,-95,-95,-95,-95,-95,-95,-95,-95,-95,-95
24-06-23,17:34:37,2048/06/23,17:28:26, [ 0 ] ,0,-95,22,22,22,22,22,22,22,22,23,22,22,22,22,22,22,22,22,22,22,22,22,23,23,22,22,22,22,22,22,22,22,22,22,22,22,22,22,22,22,22,22,22,22,22,22,22,22,22,22,22,22,22,22,22,22,22,22,22,22,22,22,22,22
24-06-23,17:34:38,2048/06/23,17:28:27, [ 1 ] ,64,22,22,22,22,22,22,22,22,22,22,22,22,22,22,22,22,22,22,22,22,22,22,22,22,22,22,22,22,22,22,22,22,22,22,22,22,22,22,22,22,22,22,22,22,22,22,22,22,22,22,22,22,22,22,22,22,22,22,22,22,22,22,22,22
24-06-23,17:34:39,2048/06/23,17:28:28, [ 2 ] ,128,22,22,22,22,22,22,22,22,22,22,22,22,22,22,22,22,22,22,22,22,22,22,22,22,22,22,22,22,22,22,22,-95,22,22,22,22,22,22,22,22,22,22,22,22,22,22,22,22,22,22,22,22,22,22,22,22,22,22,22,23,22,22,23,23
24-06-23,17:34:40,2048/06/23,17:28:29, [ 3 ] ,192,23,23,23,23,23,24,25,25,26,27,28,28,28,26,25,23,23,23,23,23,24,23,24,24,25,25,24,24,24,24,24,24,24,23,23,23,23,23,23,23,23,23,23,23,23,23,23,23,23,23,23,23,23,23,23,23,23,23,23,23,23,23,23,23
24-06-23,17:34:41,2048/06/23,17:28:30, [ 4 ] ,256,23,23,23,23,23,23,23,23,23,23,23,23,23,23,23,23,23,23,23,23,23,23,23,23,23,23,23,23,23,23,23,23,23,23,23,23,23,23,23,23,23,23,23,23,23,23,23,23,23,23,23,23,23,23,23,23,23,23,23,23,23,23,23,23
24-06-23,17:34:42,2048/06/23,17:28:31, [ 5 ] ,320,23,23,23,23,23,23,23,23,23,23,23,23,23,23,23,23,23,23,23,23,23,23,23,23,23,23,23,23,23,23,23,23,23,23,23,23,23,22,23,22,23,23,23,23,23,23,23,22,23,23,23,22,22,23,23,22,22,22,23,22,22,22,22,22
24-06-23,17:34:43,2048/06/23,17:28:32, [ 6 ] ,384,22,22,22,22,22,22,22,22,22,22,22,22,22,22,22,22,22,22,22,22,22,22,22,22,22,22,22,22,22,22,22,22,22,22,22,22,22,22,22,22,22,22,22,22,22,22,22,22,22,22,22,22,22,22,22,22,22,22,22,22,22,22,22,22
24-06-23,17:34:44,2048/06/23,17:28:33, [ 7 ] ,448,22,22,22,22,22,22,22,22,22,22,22,22,22,22,22,22,22,22,22,22,22,22,22,22,22,22,22,22,22,22,22,22,22,22,22,22,22,22,22,22,22,22,22,22,22,22,22,22,22,22,22,22,22,22,22,22,22,22,22,22,22,22,22,22
24-06-23,17:34:45,2048/06/23,17:28:34, [ 8 ] ,512,22,22,22,22,22,22,22,22,22,22,22,22,22,22,22,22,22,22,22,22,22,22,22,22,22,22,22,22,22,22,22,22,22,22,22,22,22,22,22,22,22,22,22,22,22,22,22,22,22,22,22,22,22,22,22,22,22,22,22,22,22,22,22,22
24-06-23,17:34:46,2048/06/23,17:28:35, [ 9 ] ,576,22,22,22,22,22,22,22,22,22,22,22,22,22,22,22,22,22,22,22,22,22,22,22,22,22,22,22,22,22,22,22,22,22,22,22,22,22,22,22,22,22,22,21,22,22,22,22,22,22,22,22,22,22,22,22,22,22,22,22,22,22,22,22,22
24-06-23,17:34:47,2048/06/23,17:28:36, [ 10 ] ,640,22,22,22,22,22,22,22,22,22,22,22,22,22,22,-95,22,22,22,22,22,22,22,22,22,22,22,22,22,22,22,22,22,22,22,22,22,22,22,22,22,22,22,22,22,22,22,22,22,22,22,22,22,22,22,22,22,22,22,22,22,22,22,22,22
24-06-23,17:34:48,2048/06/23,17:28:37, [ 11 ] ,704,22,22,22,22,22,22,22,22,22,22,22,22,22,22,22,22,22,22,22,22,22,22,22,22,22,22,22,22,22,22,22,22,22,22,22,22,22,22,22,22,22,22,22,22,22,22,22,22,22,22,22,22,22,22,22,22,22,22,22,22,22,22,22,22
24-06-23,17:34:49,2048/06/23,17:28:38, [ 12 ] ,768,22,22,22,22,22,22,22,22,22,22,22,22,22,22,22,22,22,22,22,22,22,22,22,22,22,22,22,22,22,22,22,22,22,22,22,22,22,22,22,22,22,22,22,22,22,22,22,22,22,22,22,22,22,22,22,22,22,22,22,22,22,22,22,22
24-06-23,17:34:50,2048/06/23,17:28:39, [ 13 ] ,832,22,22,22,22,22,22,22,22,22,22,22,22,22,22,22,22,22,22,22,22,22,22,22,22,22,22,22,22,22,22,22,22,22,22,22,22,22,22,22,22,22,22,22,22,22,22,22,22,22,22,22,22,22,22,22,22,22,23,22,22,22,22,22,22
24-06-23,17:34:51,2048/06/23,17:28:40, [ 14 ] ,896,22,22,22,22,22,22,22,22,22,22,22,22,22,22,22,22,22,22,22,22,22,22,22,22,22,22,22,22,22,22,22,22,22,22,22,22,23,22,22,22,22,22,22,22,22,22,22,22,22,22,22,22,22,22,22,22,22,22,22,22,22,22,22,22
24-06-23,17:34:52,2048/06/23,17:28:41, [ 15 ] ,960,22,22,22,22,22,22,22,22,22,22,22,22,22,22,22,22,22,22,22,22,22,22,22,22,22,22,22,22,22,22,22,22,22,22,22,22,22,22,22,22,22,-95,-95,-95,-95,-95,-95,-95,-95,-95,-95,-95,-95,-95,-95,-95,-95,-95,-95,-95,-95,-95,-95,-95
24-06-23,17:34:53,2048/06/23,17:28:42, [ 0 ] ,0,-95,22,22,22,22,22,22,22,22,23,22,22,22,22,22,22,22,22,22,22,22,22,23,23,22,22,22,22,22,22,22,22,22,22,22,22,22,22,22,22,22,22,22,22,22,22,22,22,22,22,22,22,22,22,22,22,22,22,22,22,22,22,22,22
24-06-23,17:34:54,2048/06/23,17:28:43, [ 1 ] ,64,22,22,22,22,22,22,22,22,22,22,22,22,22,22,22,22,22,22,22,22,22,22,22,22,22,22,22,22,22,22,22,22,22,22,22,22,22,22,22,22,22,22,22,22,22,22,22,22,22,22,22,22,22,22,22,22,22,22,22,22,22,22,22,22
24-06-23,17:34:55,2048/06/23,17:28:44, [ 2 ] ,128,22,22,22,22,22,22,22,22,22,22,22,22,22,22,22,22,22,22,22,22,22,22,22,22,22,22,22,22,22,22,22,-95,22,22,22,22,22,22,22,22,22,22,22,22,22,22,22,22,22,22,22,22,22,22,22,22,22,22,22,23,22,22,22,23
24-06-23,17:34:56,2048/06/23,17:28:45, [ 3 ] ,192,23,23,23,23,23,24,25,25,26,26,27,28,28,25,25,23,23,23,23,23,23,23,24,24,24,24,24,24,24,24,23,23,23,23,23,23,23,23,23,23,23,23,23,23,23,23,23,23,23,23,23,23,23,23,23,23,23,23,23,23,23,23,23,23
24-06-23,17:34:57,2048/06/23,17:28:46, [ 4 ] ,256,23,23,23,23,23,23,23,23,23,23,23,23,23,23,23,23,23,23,23,23,23,23,23,23,23,23,23,23,23,23,23,23,23,23,23,23,23,23,23,23,23,23,23,23,23,23,23,23,23,23,23,23,23,23,23,23,23,23,23,23,23,23,23,23
24-06-23,17:34:58,2048/06/23,17:28:47, [ 5 ] ,320,23,23,23,23,23,23,23,23,23,23,23,23,23,23,23,23,23,23,23,23,23,23,23,23,23,23,23,23,23,23,23,23,23,23,23,23,23,23,23,23,23,23,23,23,23,23,23,23,23,23,23,23,23,23,23,23,23,23,23,23,23,23,23,23
24-06-23,17:34:59,2048/06/23,17:28:48, [ 6 ] ,384,23,23,23,22,23,22,22,23,23,23,22,23,23,22,23,23,23,23,22,22,23,23,23,23,22,23,23,22,23,22,22,22,22,22,23,23,22,22,22,22,22,23,22,22,22,23,22,23,22,22,22,23,22,22,22,23,22,22,22,22,22,22,22,22
24-06-23,17:35:00,2048/06/23,17:28:49, [ 7 ] ,448,22,22,22,22,22,22,22,22,22,22,22,22,22,22,22,22,22,22,22,22,22,22,22,22,22,22,22,22,22,22,22,22,22,22,22,22,22,22,22,22,22,22,22,22,22,22,22,22,22,22,22,22,22,22,22,22,22,22,22,22,22,22,22,22
24-06-23,17:35:01,2048/06/23,17:28:50, [ 8 ] ,512,22,22,22,22,22,22,22,22,22,22,22,22,22,22,22,22,22,22,22,22,22,22,22,22,22,22,22,22,22,22,22,22,22,22,22,22,22,22,22,22,22,22,22,22,22,22,22,22,22,22,22,22,22,22,22,22,22,22,22,22,22,22,22,22
24-06-23,17:35:02,2048/06/23,17:28:51, [ 9 ] ,576,22,22,22,22,22,22,22,22,22,22,22,22,22,22,22,22,22,22,22,22,22,22,22,22,22,22,22,22,22,22,22,22,22,22,22,22,22,22,22,22,22,22,21,22,22,22,22,22,22,22,22,22,22,22,22,22,22,22,22,22,22,22,22,22
24-06-23,17:35:03,2048/06/23,17:28:52, [ 10 ] ,640,22,22,22,22,22,22,22,22,22,22,22,22,22,22,-90,22,22,22,22,22,22,22,22,22,22,22,22,22,22,22,22,22,22,22,22,22,22,22,22,22,22,22,22,22,22,22,22,22,22,22,22,22,22,22,22,22,22,22,22,22,22,22,22,22
24-06-23,17:35:04,2048/06/23,17:28:53, [ 11 ] ,704,22,22,22,22,22,22,22,22,22,22,22,22,22,22,22,22,22,22,22,22,22,22,22,22,22,22,22,22,22,22,22,22,22,22,22,22,22,22,22,22,22,22,22,22,22,22,22,22,22,22,22,22,22,22,22,22,22,22,22,22,22,22,22,22
24-06-23,17:35:05,2048/06/23,17:28:54, [ 12 ] ,768,22,22,22,22,22,22,22,22,22,22,22,22,22,22,22,22,22,22,22,22,22,22,22,22,22,22,22,22,22,22,22,22,22,22,22,22,22,22,22,22,22,22,22,22,22,22,22,22,22,22,22,22,22,22,22,22,22,22,22,22,22,22,22,22
24-06-23,17:35:06,2048/06/23,17:28:55, [ 13 ] ,832,22,22,22,22,22,22,22,22,22,22,22,22,22,22,22,22,22,22,22,22,22,22,22,22,22,22,22,22,22,22,22,22,22,22,22,22,22,22,22,22,22,22,22,22,22,22,22,22,22,22,22,22,22,22,22,22,22,23,22,22,22,22,22,22
24-06-23,17:35:07,2048/06/23,17:28:56, [ 14 ] ,896,22,22,22,22,22,22,22,22,22,22,22,22,22,22,22,22,22,22,22,22,22,22,22,22,22,22,22,22,22,22,22,22,22,22,22,22,23,22,22,22,22,22,22,22,22,22,22,22,22,22,22,22,22,22,22,22,22,22,22,22,22,22,22,22
24-06-23,17:35:09,2048/06/23,17:28:57, [ 15 ] ,960,22,22,22,22,22,22,22,22,22,22,22,22,22,22,22,22,22,22,22,22,22,22,22,22,22,22,22,22,22,22,22,22,22,22,22,22,22,22,22,22,22,-95,-95,-95,-95,-95,-95,-95,-95,-95,-95,-95,-95,-95,-95,-95,-95,-95,-95,-95,-95,-95,-95,-95
24-06-23,17:35:09,2048/06/23,17:28:58, [ 0 ] ,0,-95,22,22,22,22,22,22,22,22,23,22,22,22,22,22,22,22,22,22,22,22,22,23,23,22,22,22,22,22,22,22,22,22,22,22,22,22,22,22,22,22,22,22,22,22,22,22,22,22,22,22,22,22,22,22,22,22,22,22,22,22,22,22,22
24-06-23,17:35:11,2048/06/23,17:28:59, [ 1 ] ,64,22,22,22,22,22,22,22,22,22,22,22,22,22,22,22,22,22,22,22,22,22,22,22,22,22,22,22,22,22,22,22,22,22,22,22,22,22,22,22,22,22,22,22,22,22,22,22,22,22,22,22,22,22,22,22,22,22,22,22,22,22,22,22,22
24-06-23,17:35:11,2048/06/23,17:29:00, [ 2 ] ,128,22,22,22,22,22,22,22,22,22,22,22,22,22,22,22,22,22,22,22,22,22,22,22,22,22,22,22,22,22,22,22,-95,22,22,22,22,22,22,22,22,22,22,22,22,22,22,22,22,22,22,22,22,22,22,22,22,22,22,22,23,22,22,22,23
24-06-23,17:35:13,2048/06/23,17:29:01, [ 3 ] ,192,23,23,23,23,23,24,24,25,25,26,27,28,27,25,25,23,23,23,23,23,23,23,23,24,24,24,24,24,23,24,23,23,23,23,23,23,23,23,23,23,23,23,23,23,23,23,23,23,23,23,23,23,23,23,23,23,23,23,23,23,23,23,23,23
24-06-23,17:35:13,2048/06/23,17:29:02, [ 4 ] ,256,23,23,23,23,23,23,23,23,23,23,23,23,23,23,23,23,23,23,23,23,23,23,23,23,23,23,23,23,23,23,23,23,23,23,23,23,23,23,23,23,23,23,23,23,23,23,23,23,23,23,23,23,23,23,23,23,23,23,23,23,23,23,23,23
24-06-23,17:35:14,2048/06/23,17:29:03, [ 5 ] ,320,23,23,23,23,23,23,23,23,23,23,23,23,23,23,23,23,23,23,23,23,23,23,23,23,23,23,23,23,23,23,23,23,23,23,23,23,23,23,23,23,23,23,23,23,23,23,23,23,23,23,23,23,23,23,23,23,23,23,23,23,23,23,23,23
24-06-23,17:35:15,2048/06/23,17:29:04, [ 6 ] ,384,23,23,23,23,23,23,23,23,23,23,23,23,23,22,23,23,23,23,23,23,23,23,23,23,23,23,23,23,23,23,22,23,23,22,23,23,23,23,23,23,23,23,23,23,23,23,22,23,23,23,23,23,23,22,23,23,22,23,22,22,22,23,23,22
24-06-23,17:35:16,2048/06/23,17:29:05, [ 7 ] ,448,23,22,22,22,23,22,23,22,22,23,22,22,22,22,22,22,22,22,23,22,22,22,23,22,22,22,22,22,22,22,22,22,22,22,22,22,22,22,22,22,22,22,22,22,22,22,22,22,22,22,22,22,22,22,22,22,22,22,22,22,22,22,22,22
24-06-23,17:35:17,2048/06/23,17:29:06, [ 8 ] ,512,22,22,22,22,22,22,22,22,22,22,22,22,22,22,22,22,22,22,22,22,22,22,22,22,22,22,22,22,22,22,22,22,22,22,22,22,22,22,22,22,22,22,22,22,22,22,22,22,22,22,22,22,22,22,22,22,22,22,22,22,22,22,22,22
24-06-23,17:35:18,2048/06/23,17:29:07, [ 9 ] ,576,22,22,22,22,22,22,22,22,22,22,22,22,22,22,22,22,22,22,22,22,22,22,22,22,22,22,22,22,22,22,22,22,22,22,22,22,22,22,22,22,22,22,21,22,22,22,22,22,22,22,22,22,22,22,22,22,22,22,22,22,22,22,22,22
24-06-23,17:35:19,2048/06/23,17:29:08, [ 10 ] ,640,22,22,22,22,22,22,22,22,22,22,22,22,22,22,-90,22,22,22,22,22,22,22,22,22,22,22,22,22,22,22,22,22,22,22,22,22,22,22,22,22,22,22,22,22,22,22,22,22,22,22,22,22,22,22,22,22,22,22,22,22,22,22,22,22
24-06-23,17:35:20,2048/06/23,17:29:09, [ 11 ] ,704,22,22,22,22,22,22,22,22,22,22,22,22,22,22,22,22,22,22,22,22,22,22,22,22,22,22,22,22,22,22,22,22,22,22,22,22,22,22,22,22,22,22,22,22,22,22,22,22,22,22,22,22,22,22,22,22,22,22,22,22,22,22,22,22
24-06-23,17:35:21,2048/06/23,17:29:10, [ 12 ] ,768,22,22,22,22,22,22,22,22,22,22,22,22,22,22,22,22,22,22,22,22,22,22,22,22,22,22,22,22,22,22,22,22,22,22,22,22,22,22,22,22,22,22,22,22,22,22,22,22,22,22,22,22,22,22,22,22,22,22,22,22,22,22,22,22
24-06-23,17:35:22,2048/06/23,17:29:11, [ 13 ] ,832,22,22,22,22,22,22,22,22,22,22,22,22,22,22,22,22,22,22,22,22,22,22,22,22,22,22,22,22,22,22,22,22,22,22,22,22,22,22,22,22,22,22,22,22,22,22,22,22,22,22,22,22,22,22,22,22,22,23,22,22,22,22,22,22
24-06-23,17:35:23,2048/06/23,17:29:12, [ 14 ] ,896,22,22,22,22,22,22,22,22,22,22,22,22,22,22,22,22,22,22,22,22,22,22,22,22,22,22,22,22,22,22,22,22,22,22,22,22,23,22,22,22,22,22,22,22,22,22,22,22,22,22,22,22,22,22,22,22,22,22,22,22,22,22,22,22
24-06-23,17:35:24,2048/06/23,17:29:13, [ 15 ] ,960,22,22,22,22,22,22,22,22,22,22,22,22,22,22,22,22,22,22,22,22,22,22,22,22,22,22,22,22,22,22,22,22,22,22,22,22,22,22,22,22,22,-95,-95,-95,-95,-95,-95,-95,-95,-95,-95,-95,-95,-95,-95,-95,-95,-95,-95,-95,-95,-95,-95,-95
24-06-23,17:35:25,2048/06/23,17:29:14, [ 0 ] ,0,-95,22,22,22,22,22,22,22,22,23,22,22,22,22,22,22,22,22,22,22,22,22,23,23,22,22,22,22,22,22,22,22,22,22,22,22,22,22,22,22,22,22,22,22,22,22,22,22,22,22,22,22,22,22,22,22,22,22,22,22,22,22,22,22
24-06-23,17:35:26,2048/06/23,17:29:15, [ 1 ] ,64,22,22,22,22,22,22,22,22,22,22,22,22,22,22,22,22,22,22,22,22,22,22,22,22,22,22,22,22,22,22,22,22,22,22,22,22,22,22,22,22,22,22,22,22,22,22,22,22,22,22,22,22,22,22,22,22,22,22,22,22,22,22,22,22
24-06-23,17:35:27,2048/06/23,17:29:16, [ 2 ] ,128,22,22,22,22,22,22,22,22,22,22,22,22,22,22,22,22,22,22,22,22,22,22,22,22,22,22,22,22,22,22,22,-95,22,22,22,22,22,22,22,22,22,22,22,22,22,22,22,22,22,22,22,22,22,22,22,22,22,22,22,23,22,22,22,23
24-06-23,17:35:28,2048/06/23,17:29:17, [ 3 ] ,192,23,23,23,23,23,23,24,24,25,25,27,27,27,25,25,23,23,23,23,23,23,23,23,23,24,24,23,23,23,23,23,23,23,23,23,23,23,23,23,23,23,23,23,23,23,23,23,23,23,23,23,23,23,23,23,23,23,23,23,23,23,23,23,23
24-06-23,17:35:29,2048/06/23,17:29:18, [ 4 ] ,256,23,23,23,23,23,23,23,23,23,23,23,23,23,23,23,23,23,23,23,23,23,23,23,23,23,23,23,23,23,23,23,23,23,23,23,23,23,23,23,23,23,23,23,23,23,23,23,23,23,23,23,23,23,23,23,23,23,23,23,23,23,23,23,23
24-06-23,17:35:30,2048/06/23,17:29:19, [ 5 ] ,320,23,23,23,23,23,23,23,23,23,23,23,23,23,23,23,23,23,23,23,23,23,23,23,23,23,23,23,23,23,23,23,23,23,23,23,23,23,23,23,23,23,23,23,23,23,23,23,23,23,23,23,23,23,23,23,23,23,23,23,23,23,23,23,23
24-06-23,17:35:31,2048/06/23,17:29:20, [ 6 ] ,384,23,23,23,23,23,23,23,23,23,23,23,23,23,23,23,23,23,23,23,23,23,23,23,23,23,23,23,23,23,23,23,23,23,23,23,23,23,23,23,23,23,23,23,23,23,23,23,23,23,23,23,23,23,23,23,23,23,23,23,23,23,23,23,23
24-06-23,17:35:32,2048/06/23,17:29:21, [ 7 ] ,448,23,23,23,23,23,23,23,22,23,23,22,23,23,23,22,23,23,22,23,22,22,23,23,23,22,23,22,22,23,23,23,23,22,22,22,22,22,23,22,22,22,22,22,22,23,23,22,22,22,23,22,23,22,22,22,22,22,22,23,22,22,22,22,22
24-06-23,17:35:33,2048/06/23,17:29:22, [ 8 ] ,512,22,22,22,22,22,22,22,22,22,22,22,22,22,22,22,22,22,22,22,22,22,22,22,22,22,22,22,22,22,22,22,22,22,22,22,22,22,22,22,22,22,22,22,22,22,22,22,22,22,22,22,22,22,22,22,22,22,22,22,22,22,22,22,22
24-06-23,17:35:34,2048/06/23,17:29:23, [ 9 ] ,576,22,22,22,22,22,22,22,22,22,22,22,22,22,22,22,22,22,22,22,22,22,22,22,22,22,22,22,22,22,22,22,22,22,22,22,22,22,22,22,22,22,22,21,22,22,22,22,22,22,22,22,22,22,22,22,22,22,22,22,22,22,22,22,22
24-06-23,17:35:35,2048/06/23,17:29:24, [ 10 ] ,640,22,22,22,22,22,22,22,22,22,22,22,22,22,22,-90,22,22,22,22,22,22,22,22,22,22,22,22,22,22,22,22,22,22,22,22,22,22,22,22,22,22,22,22,22,22,22,22,22,22,22,22,22,22,22,22,22,22,22,22,22,22,22,22,22
24-06-23,17:35:36,2048/06/23,17:29:25, [ 11 ] ,704,22,22,22,22,22,22,22,22,22,22,22,22,22,22,22,22,22,22,22,22,22,22,22,22,22,22,22,22,22,22,22,22,22,22,22,22,22,22,22,22,22,22,22,22,22,22,22,22,22,22,22,22,22,22,22,22,22,22,22,22,22,22,22,22
24-06-23,17:35:37,2048/06/23,17:29:26, [ 12 ] ,768,22,22,22,22,22,22,22,22,22,22,22,22,22,22,22,22,22,22,22,22,22,22,22,22,22,22,22,22,22,22,22,22,22,22,22,22,22,22,22,22,22,22,22,22,22,22,22,22,22,22,22,22,22,22,22,22,22,22,22,22,22,22,22,22
24-06-23,17:35:38,2048/06/23,17:29:27, [ 13 ] ,832,22,22,22,22,22,22,22,22,22,22,22,22,22,22,22,22,22,22,22,22,22,22,22,22,22,22,22,22,22,22,22,22,22,22,22,22,22,22,22,22,22,22,22,22,22,22,22,22,22,22,22,22,22,22,22,22,22,23,22,22,22,22,22,22
24-06-23,17:35:39,2048/06/23,17:29:28, [ 14 ] ,896,22,22,22,22,22,22,22,22,22,22,22,22,22,22,22,22,22,22,22,22,22,22,22,22,22,22,22,22,22,22,22,22,22,22,22,22,23,22,22,22,22,22,22,22,22,22,22,22,22,22,22,22,22,22,22,22,22,22,22,22,22,22,22,22
24-06-23,17:35:40,2048/06/23,17:29:29, [ 15 ] ,960,22,22,22,22,22,22,22,22,22,22,22,22,22,22,22,22,22,22,22,22,22,22,22,22,22,22,22,22,22,22,22,22,22,22,22,22,22,22,22,22,22,-95,-95,-95,-95,-95,-95,-95,-95,-95,-95,-95,-95,-95,-95,-95,-95,-95,-95,-95,-95,-95,-95,-95
24-06-23,17:35:41,2048/06/23,17:29:30, [ 0 ] ,0,-95,22,22,22,22,22,22,22,22,23,22,22,22,22,22,22,22,22,22,22,22,22,23,23,22,22,22,22,22,22,22,22,22,22,22,22,22,22,22,22,22,22,22,22,22,22,22,22,22,22,22,22,22,22,22,22,22,22,22,22,22,22,22,22
24-06-23,17:35:42,2048/06/23,17:29:31, [ 1 ] ,64,22,22,22,22,22,22,22,22,22,22,22,22,22,22,22,22,22,22,22,22,22,22,22,22,22,22,22,22,22,22,22,22,22,22,22,22,22,22,22,22,22,22,22,22,22,22,22,22,22,22,22,22,22,22,22,22,22,22,22,22,22,22,22,22
24-06-23,17:35:44,2048/06/23,17:29:32, [ 2 ] ,128,22,22,22,22,22,22,22,22,22,22,22,22,22,22,22,22,22,22,22,22,22,22,22,22,22,22,22,22,22,22,22,-95,22,22,22,22,22,22,22,22,22,22,22,22,22,22,22,22,22,22,22,22,22,22,22,22,22,22,22,23,22,22,22,23
24-06-23,17:35:44,2048/06/23,17:29:33, [ 3 ] ,192,23,23,23,23,23,23,24,24,25,25,26,27,26,24,24,23,23,23,23,23,23,23,23,23,24,24,23,23,23,23,23,23,23,23,23,23,23,23,23,23,23,23,23,23,23,23,23,23,23,23,23,23,23,23,23,23,23,23,23,23,23,23,23,23
24-06-23,17:35:46,2048/06/23,17:29:34, [ 4 ] ,256,23,23,23,23,23,23,23,23,23,23,23,23,23,23,23,23,23,23,23,23,23,23,23,23,23,23,23,23,23,23,23,23,23,23,23,23,23,23,23,23,23,23,23,23,23,23,23,23,23,23,23,23,23,23,23,23,23,23,23,23,23,23,23,23
24-06-23,17:35:46,2048/06/23,17:29:35, [ 5 ] ,320,23,23,23,23,23,23,23,23,23,23,23,23,23,23,23,23,23,23,23,23,23,23,23,23,23,23,23,23,23,23,23,23,23,23,23,23,23,23,23,23,23,23,23,23,23,23,23,23,23,23,23,23,23,23,23,23,23,23,23,23,23,23,23,23
24-06-23,17:35:47,2048/06/23,17:29:36, [ 6 ] ,384,23,23,23,23,23,23,23,23,23,23,23,23,23,23,23,23,23,23,23,23,23,23,23,23,23,23,23,23,23,23,23,23,23,23,23,23,23,23,23,23,23,23,23,23,23,23,23,23,23,23,23,23,23,23,23,23,23,23,23,23,23,23,23,23
24-06-23,17:35:48,2048/06/23,17:29:37, [ 7 ] ,448,23,23,23,23,23,23,23,23,23,23,23,23,23,23,23,23,23,23,23,23,23,23,23,23,23,23,23,23,23,23,23,23,23,23,23,23,23,23,22,23,23,22,23,23,23,23,23,22,23,23,23,23,22,23,23,22,22,23,23,23,22,22,22,23
24-06-23,17:35:49,2048/06/23,17:29:38, [ 8 ] ,512,23,23,22,22,23,23,22,22,22,22,22,22,22,22,22,22,22,22,22,22,22,22,22,22,22,22,22,22,22,22,22,22,22,22,22,22,22,22,22,22,22,22,22,22,22,22,22,22,22,22,22,22,22,22,22,22,22,22,22,22,22,22,22,22
24-06-23,17:35:50,2048/06/23,17:29:39, [ 9 ] ,576,22,22,22,22,22,22,22,22,22,22,22,22,22,22,22,22,22,22,22,22,22,22,22,22,22,22,22,22,22,22,22,22,22,22,22,22,22,22,22,22,22,22,21,22,22,22,22,22,22,22,22,22,22,22,22,22,22,22,22,22,22,22,22,22
24-06-23,17:35:51,2048/06/23,17:29:40, [ 10 ] ,640,22,22,22,22,22,22,22,22,22,22,22,22,22,22,-90,22,22,22,22,22,22,22,22,22,22,22,22,22,22,22,22,22,22,22,22,22,22,22,22,22,22,22,22,22,22,22,22,22,22,22,22,22,22,22,22,22,22,22,22,22,22,22,22,22
24-06-23,17:35:52,2048/06/23,17:29:41, [ 11 ] ,704,22,22,22,22,22,22,22,22,22,22,22,22,22,22,22,22,22,22,22,22,22,22,22,22,22,22,22,22,22,22,22,22,22,22,22,22,22,22,22,22,22,22,22,22,22,22,22,22,22,22,22,22,22,22,22,22,22,22,22,22,22,22,22,22
24-06-23,17:35:53,2048/06/23,17:29:42, [ 12 ] ,768,22,22,22,22,22,22,22,22,22,22,22,22,22,22,22,22,22,22,22,22,22,22,22,22,22,22,22,22,22,22,22,22,22,22,22,22,22,22,22,22,22,22,22,22,22,22,22,22,22,22,22,22,22,22,22,22,22,22,22,22,22,22,22,22
24-06-23,17:35:54,2048/06/23,17:29:43, [ 13 ] ,832,22,22,22,22,22,22,22,22,22,22,22,22,22,22,22,22,22,22,22,22,22,22,22,22,22,22,22,22,22,22,22,22,22,22,22,22,22,22,22,22,22,22,22,22,22,22,22,22,22,22,22,22,22,22,22,22,22,22,22,22,22,22,22,22
24-06-23,17:35:55,2048/06/23,17:29:44, [ 14 ] ,896,22,22,22,22,22,22,22,22,22,22,22,22,22,22,22,22,22,22,22,22,22,22,22,22,22,22,22,22,22,22,22,22,22,22,22,22,23,22,22,22,22,22,22,22,22,22,22,22,22,22,22,22,22,22,22,22,22,22,22,22,22,22,22,22
24-06-23,17:35:56,2048/06/23,17:29:45, [ 15 ] ,960,22,22,22,22,22,22,22,22,22,22,22,22,22,22,22,22,22,22,22,22,22,22,22,22,22,22,22,22,22,22,22,22,22,22,22,22,22,22,22,22,22,-95,-95,-95,-95,-95,-95,-95,-95,-95,-95,-95,-95,-95,-95,-95,-95,-95,-95,-95,-95,-95,-95,-95
24-06-23,17:35:57,2048/06/23,17:29:46, [ 0 ] ,0,-95,22,22,22,22,22,22,22,22,23,22,22,22,22,22,22,22,22,22,22,22,22,23,23,22,22,22,22,22,22,22,22,22,22,22,22,22,22,22,22,22,22,22,22,22,22,22,22,22,22,22,22,22,22,22,22,22,22,22,22,22,22,22,22
24-06-23,17:35:58,2048/06/23,17:29:47, [ 1 ] ,64,22,22,22,22,22,22,22,22,22,22,22,22,22,22,22,22,22,22,22,22,22,22,22,22,22,22,22,22,22,22,22,22,22,22,22,22,22,22,22,22,22,22,22,22,22,22,22,22,22,22,22,22,22,22,22,22,22,22,22,22,22,22,22,22
24-06-23,17:35:59,2048/06/23,17:29:48, [ 2 ] ,128,22,22,22,22,22,22,22,22,22,22,22,22,22,22,22,22,22,22,22,22,22,22,22,22,22,22,22,22,22,22,22,-95,22,22,22,22,22,22,22,22,22,22,22,22,22,22,22,22,22,22,22,22,22,22,22,22,22,22,22,23,22,22,22,23
24-06-23,17:36:00,2048/06/23,17:29:49, [ 3 ] ,192,22,23,23,23,23,23,24,24,24,25,26,26,26,24,24,23,23,23,23,23,23,23,23,23,23,23,23,23,23,23,23,23,23,23,23,23,23,23,23,23,23,23,23,23,23,23,23,23,23,23,23,23,23,23,23,23,23,23,23,23,23,23,23,23
24-06-23,17:36:01,2048/06/23,17:29:50, [ 4 ] ,256,23,23,23,23,23,23,23,23,23,23,23,23,23,23,23,23,23,23,23,23,23,23,23,23,23,23,23,23,23,23,23,23,23,23,23,23,23,23,23,23,23,23,23,23,23,23,23,23,23,23,23,23,23,23,23,23,23,23,23,23,23,23,23,23
24-06-23,17:36:02,2048/06/23,17:29:51, [ 5 ] ,320,23,23,23,23,23,23,23,23,23,23,23,23,23,23,23,23,23,23,23,23,23,23,23,23,23,23,23,23,23,23,23,23,23,23,23,23,23,23,23,23,23,23,23,23,23,23,23,23,23,23,23,23,23,23,23,23,23,23,23,23,23,23,23,23
24-06-23,17:36:03,2048/06/23,17:29:52, [ 6 ] ,384,23,23,23,23,23,23,23,23,23,23,23,23,23,23,23,23,23,23,23,23,23,23,23,23,23,23,23,23,23,23,23,23,23,23,23,23,23,23,23,23,23,23,23,23,23,23,23,23,23,23,23,23,23,23,23,23,23,23,23,23,23,23,23,23
24-06-23,17:36:04,2048/06/23,17:29:53, [ 7 ] ,448,23,23,23,23,23,23,23,23,23,23,23,23,23,23,23,23,23,23,23,23,23,23,23,23,23,23,23,23,23,23,23,23,23,23,23,23,23,23,23,23,23,23,23,23,23,23,23,22,23,23,23,23,23,23,23,23,23,23,23,23,23,23,23,23
24-06-23,17:36:05,2048/06/23,17:29:54, [ 8 ] ,512,23,23,23,23,23,23,23,22,23,22,23,23,23,22,22,22,22,22,22,22,22,22,23,22,22,23,22,22,23,22,22,22,22,22,22,22,22,22,23,22,22,23,22,22,22,22,22,22,22,22,22,22,23,22,22,22,22,22,22,22,23,22,22,22
24-06-23,17:36:06,2048/06/23,17:29:55, [ 9 ] ,576,22,22,22,22,22,22,22,22,22,22,22,22,22,22,22,22,22,22,22,22,22,22,22,22,22,22,22,22,22,22,22,22,22,22,22,22,22,22,22,22,22,22,21,22,22,22,22,22,22,22,22,22,22,22,22,22,22,22,22,22,22,22,22,22
24-06-23,17:36:07,2048/06/23,17:29:56, [ 10 ] ,640,22,22,22,22,22,22,22,22,22,22,22,22,22,22,-90,22,22,22,22,22,22,22,22,22,22,22,22,22,22,22,22,22,22,22,22,22,22,22,22,22,22,22,22,22,22,22,22,22,22,22,22,22,22,22,22,22,22,22,22,22,22,22,22,22
24-06-23,17:36:08,2048/06/23,17:29:57, [ 11 ] ,704,22,22,22,22,22,22,22,22,22,22,22,22,22,22,22,22,22,22,22,22,22,22,22,22,22,22,22,22,22,22,22,22,22,22,22,22,22,22,22,22,22,22,22,22,22,22,22,22,22,22,22,22,22,22,22,22,22,22,22,22,22,22,22,22
24-06-23,17:36:09,2048/06/23,17:29:58, [ 12 ] ,768,22,22,22,22,22,22,22,22,22,22,22,22,22,22,22,22,22,22,22,22,22,22,22,22,22,22,22,22,22,22,22,22,22,22,22,22,22,22,22,22,22,22,22,22,22,22,22,22,22,22,22,22,22,22,22,22,22,22,22,22,22,22,22,22
24-06-23,17:36:10,2048/06/23,17:29:59, [ 13 ] ,832,22,22,22,22,22,22,22,22,22,22,22,22,22,22,22,22,22,22,22,22,22,22,22,22,22,22,22,22,22,22,22,22,22,22,22,22,22,22,22,22,22,22,22,22,22,22,22,22,22,22,22,22,22,22,22,22,22,22,22,22,22,22,22,22
24-06-23,17:36:11,2048/06/23,17:30:00, [ 14 ] ,896,22,22,22,22,22,22,22,22,22,22,22,22,22,22,22,22,22,22,22,22,22,22,22,22,22,22,22,22,22,22,22,22,22,22,22,22,23,22,22,22,22,22,22,22,22,22,22,22,22,22,22,22,22,22,22,22,22,22,22,22,22,22,22,22
24-06-23,17:36:12,2048/06/23,17:30:01, [ 15 ] ,960,22,22,22,22,22,22,22,22,22,22,22,22,22,22,22,22,22,22,22,22,22,22,22,22,22,22,22,22,22,22,22,22,22,22,22,22,22,22,22,22,22,-95,-95,-95,-95,-95,-95,-95,-95,-95,-95,-95,-95,-95,-95,-95,-95,-95,-95,-95,-95,-95,-95,-95
24-06-23,17:36:13,2048/06/23,17:30:02, [ 0 ] ,0,-95,22,22,22,22,22,22,22,22,23,22,22,22,22,22,22,22,22,22,22,22,22,23,23,22,22,22,22,22,22,22,22,22,22,22,22,22,22,22,22,22,22,22,22,22,22,22,22,22,22,22,22,22,22,22,22,22,22,22,22,22,22,22,22
24-06-23,17:36:14,2048/06/23,17:30:03, [ 1 ] ,64,22,22,22,22,22,22,22,21,22,22,22,22,22,22,22,22,22,22,22,22,22,22,22,22,22,22,22,22,22,22,22,22,22,22,22,22,22,22,22,22,22,22,22,22,22,22,22,22,22,22,22,22,22,22,22,22,22,22,22,22,22,22,22,22
24-06-23,17:36:15,2048/06/23,17:30:04, [ 2 ] ,128,22,22,22,22,22,22,22,22,22,22,22,22,22,22,22,22,22,22,22,22,22,22,22,22,22,22,22,22,22,22,22,-95,22,22,22,22,22,22,22,22,22,22,22,22,22,22,22,22,22,22,22,22,22,22,22,22,22,22,22,23,22,22,22,23
24-06-23,17:36:16,2048/06/23,17:30:05, [ 3 ] ,192,22,23,23,23,23,23,23,23,24,24,25,26,25,24,24,23,23,23,23,23,23,23,23,23,23,23,23,23,23,23,23,23,23,23,23,23,23,23,23,23,23,23,23,23,23,23,23,23,23,23,23,23,23,23,23,23,23,23,23,23,23,23,23,23
24-06-23,17:36:17,2048/06/23,17:30:06, [ 4 ] ,256,23,23,23,23,23,23,23,23,23,23,23,23,23,23,23,23,23,23,23,23,23,23,23,23,23,23,23,23,23,23,23,23,23,23,23,23,23,23,23,23,23,23,23,23,23,23,23,23,23,23,23,23,23,23,23,23,23,23,23,23,23,23,23,23
24-06-23,17:36:18,2048/06/23,17:30:07, [ 5 ] ,320,23,23,23,23,23,23,23,23,23,23,23,23,23,23,23,23,23,23,23,23,23,23,23,23,23,23,23,23,23,23,23,23,23,23,23,23,23,23,23,23,23,23,23,23,23,23,23,23,23,23,23,23,23,23,23,23,23,23,23,23,23,23,23,23
24-06-23,17:36:20,2048/06/23,17:30:08, [ 6 ] ,384,23,23,23,23,23,23,23,23,23,23,23,23,23,23,23,23,23,23,23,23,23,23,23,23,23,23,23,23,23,23,23,23,23,23,23,23,23,23,23,23,23,23,23,23,23,23,23,23,23,23,23,23,23,23,23,23,23,23,23,23,23,23,23,23
24-06-23,17:36:20,2048/06/23,17:30:09, [ 7 ] ,448,23,23,23,23,23,23,23,23,23,23,23,23,23,23,23,23,23,23,23,23,23,23,23,23,23,23,23,23,23,23,23,23,23,23,23,23,23,23,23,23,23,23,23,23,23,23,23,23,23,23,23,23,23,23,23,23,23,23,23,23,23,23,23,23
24-06-23,17:36:21,2048/06/23,17:30:10, [ 8 ] ,512,23,23,23,23,23,23,23,23,23,23,23,23,23,22,23,23,23,22,22,23,23,23,23,23,22,23,23,23,23,22,23,22,23,23,23,22,23,23,23,23,22,23,23,22,22,23,23,22,23,23,23,22,23,23,23,22,22,22,22,22,23,22,23,22
24-06-23,17:36:22,2048/06/23,17:30:11, [ 9 ] ,576,22,22,22,22,23,23,22,22,23,22,22,22,22,23,22,22,22,22,22,22,22,22,22,22,22,22,22,22,22,23,22,22,22,23,22,22,22,22,22,22,22,22,21,22,22,22,22,22,22,22,22,22,22,22,22,22,22,22,22,22,22,22,22,22
24-06-23,17:36:23,2048/06/23,17:30:12, [ 10 ] ,640,22,22,22,22,22,22,22,22,22,22,22,22,22,22,-90,22,22,22,22,22,22,22,22,22,22,22,22,22,22,22,22,22,22,22,22,22,22,22,22,22,22,22,22,22,22,22,22,22,22,22,22,22,22,22,22,22,22,22,22,22,22,22,22,22
24-06-23,17:36:24,2048/06/23,17:30:13, [ 11 ] ,704,22,22,22,22,22,22,22,22,22,22,22,22,22,22,22,22,22,22,22,22,22,22,22,22,22,22,22,22,22,22,22,22,22,22,22,22,22,22,22,22,22,22,22,22,22,22,22,22,22,22,22,22,22,22,22,22,22,22,22,22,22,22,22,22
24-06-23,17:36:25,2048/06/23,17:30:14, [ 12 ] ,768,22,22,22,22,22,22,22,22,22,22,22,22,22,22,22,22,22,22,22,22,22,22,22,22,22,22,22,22,22,22,22,22,22,22,22,22,22,22,22,22,22,22,22,22,22,22,22,22,22,22,22,22,22,22,22,22,22,22,22,22,22,22,22,22
24-06-23,17:36:26,2048/06/23,17:30:15, [ 13 ] ,832,22,22,22,22,22,22,22,22,22,22,22,22,22,22,22,22,22,22,22,22,22,22,22,22,22,22,22,22,22,22,22,22,22,22,22,22,22,22,22,22,22,22,22,22,22,22,22,22,22,22,22,22,22,22,22,22,22,22,22,22,22,22,22,22
24-06-23,17:36:27,2048/06/23,17:30:16, [ 14 ] ,896,22,22,22,22,22,22,22,22,22,22,22,22,22,22,22,22,22,22,22,22,22,22,22,22,22,22,22,22,22,22,22,22,22,22,22,22,23,22,22,22,22,22,22,22,22,22,22,22,22,22,22,22,22,22,22,22,22,22,22,22,22,22,22,22
24-06-23,17:36:28,2048/06/23,17:30:17, [ 15 ] ,960,22,22,22,22,22,22,22,22,22,22,22,22,22,22,22,22,22,22,22,22,22,22,22,22,22,22,22,22,22,22,22,22,22,22,22,22,22,22,22,22,22,-95,-95,-95,-95,-95,-95,-95,-95,-95,-95,-95,-95,-95,-95,-95,-95,-95,-95,-95,-95,-95,-95,-95
24-06-23,17:36:29,2048/06/23,17:30:18, [ 0 ] ,0,-95,22,22,22,22,22,22,22,22,23,22,22,22,22,22,22,22,22,22,22,22,22,23,23,22,22,22,22,22,22,21,22,22,22,22,22,22,22,22,22,22,22,22,22,22,22,22,22,22,22,22,22,22,22,22,22,22,22,22,22,22,22,22,22
24-06-23,17:36:30,2048/06/23,17:30:19, [ 1 ] ,64,22,22,22,22,22,22,22,22,22,22,22,22,22,22,22,22,22,22,22,22,22,22,22,22,22,22,21,22,22,22,22,22,22,22,22,22,22,22,22,22,22,22,22,22,22,22,22,22,22,22,22,22,22,22,22,22,22,22,22,22,22,22,22,22
24-06-23,17:36:32,2048/06/23,17:30:20, [ 2 ] ,128,22,22,22,22,22,22,22,22,22,22,22,22,22,22,22,22,22,22,22,22,22,22,22,22,22,22,22,22,22,22,22,-95,22,22,22,22,22,22,22,22,22,22,22,22,22,22,22,22,22,22,22,22,22,22,22,22,22,22,22,23,22,22,22,23
24-06-23,17:36:32,2048/06/23,17:30:21, [ 3 ] ,192,22,23,23,23,23,23,23,23,23,24,25,25,25,23,23,23,23,23,23,23,23,23,23,23,23,23,23,23,23,23,23,23,23,23,23,23,23,23,23,23,23,23,23,23,23,23,23,23,23,23,23,23,23,23,23,23,23,23,23,23,23,23,23,23
24-06-23,17:36:34,2048/06/23,17:30:22, [ 4 ] ,256,23,23,23,23,23,23,23,23,23,23,23,23,23,23,23,23,23,23,23,23,23,23,23,23,23,23,23,23,23,23,23,23,23,23,23,23,23,23,23,23,23,23,23,23,23,23,23,23,23,23,23,23,23,23,23,23,23,23,23,23,23,23,23,23
